AbstractTable,InterestRateRiskOfLifeInsuranceCompanyAbstract,MR01-人身保险公司利率风险 [abstract],,,,,,,,,,,,,,,,,,,
formula,out,s1,s2,s3,s4,s5,s6,,,,,,,,,,,,,,
s1+s2+s3+s4+s5+s6,RatioOfInvestmentAssetsAtCostToTotalInvestmentAssets,TraditionalInsuranceExcludingHighInterestRatePolicyAccountMember-RatioOfInvestmentAssetsAtCostToTotalInvestmentAssets,ParticipatingInsuranceAccountMember-RatioOfInvestmentAssetsAtCostToTotalInvestmentAssets,UniversalInsuranceAccountMember-RatioOfInvestmentAssetsAtCostToTotalInvestmentAssets,UnitLinkedInsuranceIncludingOtherInsuranceAccountMember-RatioOfInvestmentAssetsAtCostToTotalInvestmentAssets,HighInterestRatePolicyAccountMember-RatioOfInvestmentAssetsAtCostToTotalInvestmentAssets,ShareholdersAccountAndOtherAccountMember-RatioOfInvestmentAssetsAtCostToTotalInvestmentAssets,,,,,,,,,,,,,,
,利率风险最低资本,传统险（不含高利率保单） [member]-利率风险最低资本,分红险 [member]-利率风险最低资本,万能险 [member]-利率风险最低资本,投连险（含其他） [member]-利率风险最低资本,高利率保单 [member]-利率风险最低资本,股东账户及其他 [member]-利率风险最低资本,,,,,,,,,,,,,,
end,,,,,,,,,,,,,,,,,,,,,
AbstractTable,InterestRateRiskOfReinsuranceCompanyAbstract,MR02-再保险公司利率风险 [abstract],,,,,,,,,,,,,,,,,,,
,out,s1,s2,s3,s4,s5,s6,,,,,,,,,,,,,,
s1+s2+s3+s4+s5+s6,MarketRiskMinimumCapitalForInterestRateRisk,TraditionalInsuranceExcludingHighInterestRatePolicyAccountMember-MarketRiskMinimumCapitalForInterestRateRisk,ParticipatingInsuranceAccountMember-MarketRiskMinimumCapitalForInterestRateRisk,UniversalInsuranceAccountMember-MarketRiskMinimumCapitalForInterestRateRisk,UnitLinkedInsuranceIncludingOtherInsuranceAccountMember-MarketRiskMinimumCapitalForInterestRateRisk,HighInterestRatePolicyAccountMember-MarketRiskMinimumCapitalForInterestRateRisk,ShareholdersAccountAndOtherAccountMember-MarketRiskMinimumCapitalForInterestRateRisk,,,,,,,,,,,,,,
,再保险公司利率风险最低资本,传统险（不含高利率保单） [member]-再保险公司利率风险最低资本,分红险 [member]-再保险公司利率风险最低资本,万能险 [member]-再保险公司利率风险最低资本,投连险（含其他） [member]-再保险公司利率风险最低资本,高利率保单 [member]-再保险公司利率风险最低资本,股东账户及其他 [member]-再保险公司利率风险最低资本,,,,,,,,,,,,,,
end,,,,,,,,,,,,,,,,,,,,,
AbstractTable,InterestRateRiskBondAssetsNoHedgingAndUnqualifiedHedgingAbstract,MR03-利率风险，债券类资产（未套保及不符合条件的套保） [abstract],,,,,,,,,,,,,,,,,,,
formula,out,s1,s2,s3,s4,,,,,,,,,,,,,,,,
s1+s2,InterestRateRiskBondAssetsNoHedgingAndUnqualifiedHedgingMinimumCapital,HeldByCompanyDirectlyMember-InterestRateRiskBondAssetsNoHedgingAndUnqualifiedHedgingMinimumCapital,HeldByLookThroughMethodMember-InterestRateRiskBondAssetsNoHedgingAndUnqualifiedHedgingMinimumCapital,,,,,,,,,,,,,,,,,,
,最低资本,公司直接持有 [member]-最低资本,穿透法还原后持有 [member]-最低资本,,,,,,,,,,,,,,,,,,
s1+s2+s3+s4,HeldByCompanyDirectlyMember-InterestRateRiskBondAssetsNoHedgingAndUnqualifiedHedgingMinimumCapital,HeldByCompanyDirectlyMember-GovernmentBondsUnderSolvencyIIMember-InterestRateRiskBondAssetsNoHedgingAndUnqualifiedHedgingMinimumCapital,HeldByCompanyDirectlyMember-QuasiGovernmentBondsMember-InterestRateRiskBondAssetsNoHedgingAndUnqualifiedHedgingMinimumCapital,HeldByCompanyDirectlyMember-FinancialBondsUnderSolvencyIIMember-InterestRateRiskBondAssetsNoHedgingAndUnqualifiedHedgingMinimumCapital,HeldByCompanyDirectlyMember-EnterpriseBondsCorporateBondsMember-InterestRateRiskBondAssetsNoHedgingAndUnqualifiedHedgingMinimumCapital,,,,,,,,,,,,,,,,
,公司直接持有 [member]-最低资本,公司直接持有 [member]-政府债 [member]-最低资本,公司直接持有 [member]-准政府债 [member]-最低资本,公司直接持有 [member]-金融债 [member]-最低资本,公司直接持有 [member]-企业（公司）债 [member]-最低资本,,,,,,,,,,,,,,,,
s1+s2+s3+s4,HeldByLookThroughMethodMember-InterestRateRiskBondAssetsNoHedgingAndUnqualifiedHedgingMinimumCapital,HeldByLookThroughMethodMember-GovernmentBondsUnderSolvencyIIMember-InterestRateRiskBondAssetsNoHedgingAndUnqualifiedHedgingMinimumCapital,HeldByLookThroughMethodMember-QuasiGovernmentBondsMember-InterestRateRiskBondAssetsNoHedgingAndUnqualifiedHedgingMinimumCapital,HeldByLookThroughMethodMember-FinancialBondsUnderSolvencyIIMember-InterestRateRiskBondAssetsNoHedgingAndUnqualifiedHedgingMinimumCapital,HeldByLookThroughMethodMember-EnterpriseBondsCorporateBondsMember-InterestRateRiskBondAssetsNoHedgingAndUnqualifiedHedgingMinimumCapital,,,,,,,,,,,,,,,,
,穿透法还原后持有 [member]-最低资本,穿透法还原后持有 [member]-政府债 [member]-最低资本,穿透法还原后持有 [member]-准政府债 [member]-最低资本,穿透法还原后持有 [member]-金融债 [member]-最低资本,穿透法还原后持有 [member]-企业（公司）债 [member]-最低资本,,,,,,,,,,,,,,,,
end,,,,,,,,,,,,,,,,,,,,,
AbstractTable,InterestRateRiskAssetSecuritizationProductsAbstract,MR04-利率风险，资产证券化产品 [abstract],,,,,,,,,,,,,,,,,,,
formula,out,s1,s2,,,,,,,,,,,,,,,,,,
s1+s2,InterestRateRiskAssetSecuritizationProductsMinimumCapital,HeldByCompanyDirectlyMember-InterestRateRiskAssetSecuritizationProductsMinimumCapital,HeldByLookThroughMethodMember-InterestRateRiskAssetSecuritizationProductsMinimumCapital,,,,,,,,,,,,,,,,,,
,最低资本,公司直接持有的最低资本,穿透法还原后持有的最低资本,,,,,,,,,,,,,,,,,,
s1+s2,HeldByCompanyDirectlyMember-InterestRateRiskAssetSecuritizationProductsMinimumCapital,HeldByCompanyDirectlyMember-SpecialAssetManagementPlansOfSecuritiesCompanyMember-InterestRateRiskAssetSecuritizationProductsMinimumCapital,HeldByCompanyDirectlyMember-CreditAssetBackedSecuritiesMember-InterestRateRiskAssetSecuritizationProductsMinimumCapital,,,,,,,,,,,,,,,,,,
,公司直接持有的最低资本,公司直接持有 [member]-证券公司专项管理计划 [member]-最低资本,公司直接持有 [member]-信贷资产支持证券 [member]-最低资本,,,,,,,,,,,,,,,,,,
s1+s2,HeldByLookThroughMethodMember-InterestRateRiskAssetSecuritizationProductsMinimumCapital,HeldByLookThroughMethodMember-SpecialAssetManagementPlansOfSecuritiesCompanyMember-InterestRateRiskAssetSecuritizationProductsMinimumCapital,HeldByLookThroughMethodMember-CreditAssetBackedSecuritiesMember-InterestRateRiskAssetSecuritizationProductsMinimumCapital,,,,,,,,,,,,,,,,,,
,穿透法还原后持有的最低资本,穿透法还原后持有 [member]-证券公司专项管理计划 [member]-最低资本,穿透法还原后持有 [member]-信贷资产支持证券 [member]-最低资本,,,,,,,,,,,,,,,,,,
end,,,,,,,,,,,,,,,,,,,,,
AbstractTable,InterestRateRiskInterestRateDerivativesInterestRateSwapsAbstract,MR05-利率风险，利率类金融衍生品，利率互换 [abstract],,,,,,,,,,,,,,,,,,,
formula,out,s1,s2,,,,,,,,,,,,,,,,,,
s1+s2,InterestRateRiskInterestRateDerivativesInterestRateSwapsMinimumCapital,HeldByCompanyDirectlyMember-InterestRateRiskInterestRateDerivativesInterestRateSwapsMinimumCapital,HeldByLookThroughMethodMember-InterestRateRiskInterestRateDerivativesInterestRateSwapsMinimumCapital,,,,,,,,,,,,,,,,,,
,最低资本,公司直接持有 [member]-最低资本,穿透法还原后持有 [member]-最低资本,,,,,,,,,,,,,,,,,,
end,,,,,,,,,,,,,,,,,,,,,
AbstractTable,EquityPriceRiskStockNoHedgingAndUnqualifiedHedgingAbstract,MR09-权益价格风险，股票（未套保及不符合条件的套保） [abstract],,,,,,,,,,,,,,,,,,,
formula,out,s1,s2,,,,,,,,,,,,,,,,,,
s1+s2,EquityPriceRiskStockNoHedgingAndUnqualifiedHedgingMinimumCapital,HeldByCompanyDirectlyMember-EquityPriceRiskStockNoHedgingAndUnqualifiedHedgingMinimumCapital,HeldByLookThroughMethodMember-EquityPriceRiskStockNoHedgingAndUnqualifiedHedgingMinimumCapital,,,,,,,,,,,,,,,,,,
,最低资本,公司直接持有 [member]-最低资本,穿透法还原后持有 [member]-最低资本,,,,,,,,,,,,,,,,,,
end,,,,,,,,,,,,,,,,,,,,,
AbstractTable,EquityPriceRiskUnlistedEquitiesAbstract,MR11-权益价格风险，未上市股权 [abstract],,,,,,,,,,,,,,,,,,,
formula,out,s1,s2,,,,,,,,,,,,,,,,,,
s1+s2,EquityPriceRiskUnlistedEquitiesMinimumCapital,HeldByCompanyDirectlyMember-EquityPriceRiskUnlistedEquitiesMinimumCapital,HeldByLookThroughMethodMember-EquityPriceRiskUnlistedEquitiesMinimumCapital,,,,,,,,,,,,,,,,,,
,最低资本,公司直接持有 [member]-最低资本,穿透法还原后持有 [member]-最低资本,,,,,,,,,,,,,,,,,,
end,,,,,,,,,,,,,,,,,,,,,
AbstractTable,EquityPriceRiskSecuritiesInvestmentFundHeldByCompanyDirectlyAbstract,MR12-权益价格风险，公司直接持有的证券投资基金 [abstract],,,,,,,,,,,,,,,,,,,
formula,out,s1,s2,s3,s4,,,,,,,,,,,,,,,,
s1+s2+s3+s4,EquityPriceRiskSecuritiesInvestmentFundMinimumCapital,HeldByCompanyDirectlyMember-BondFundMember-EquityPriceRiskSecuritiesInvestmentFundMinimumCapital,HeldByCompanyDirectlyMember-StockFundMember-EquityPriceRiskSecuritiesInvestmentFundMinimumCapital,HeldByCompanyDirectlyMember-HybridFundMember-EquityPriceRiskSecuritiesInvestmentFundMinimumCapital,HeldByCompanyDirectlyMember-MoneyMarketFundMember-EquityPriceRiskSecuritiesInvestmentFundMinimumCapital,,,,,,,,,,,,,,,,
,最低资本,公司直接持有 [member]-债券基金 [member]-最低资本,公司直接持有 [member]-股票基金 [member]-最低资本,公司直接持有 [member]-混合基金 [member]-最低资本,公司直接持有 [member]-货币市场基金 [member]-最低资本,,,,,,,,,,,,,,,,
s1+s2,HeldByCompanyDirectlyMember-BondFundMember-EquityPriceRiskSecuritiesInvestmentFundMinimumCapital,HeldByCompanyDirectlyMember-GeneralBondFundMember-EquityPriceRiskSecuritiesInvestmentFundMinimumCapital,HeldByCompanyDirectlyMember-HierarchicalBondFundMember-EquityPriceRiskSecuritiesInvestmentFundMinimumCapital,,,,,,,,,,,,,,,,,,
,公司直接持有 [member]-债券基金 [member]-最低资本,公司直接持有 [member]-普通债券基金 [member]-最低资本,公司直接持有 [member]-分级债券基金 [member]-最低资本,,,,,,,,,,,,,,,,,,
s1+s2,HeldByCompanyDirectlyMember-HierarchicalBondFundMember-EquityPriceRiskSecuritiesInvestmentFundMinimumCapital,HeldByCompanyDirectlyMember-HierarchicalBondFundPreferredMember-EquityPriceRiskSecuritiesInvestmentFundMinimumCapital,HeldByCompanyDirectlyMember-HierarchicalBondFundSubordinatedMember-EquityPriceRiskSecuritiesInvestmentFundMinimumCapital,,,,,,,,,,,,,,,,,,
,公司直接持有 [member]-分级债券基金 [member]-最低资本,公司直接持有 [member]-分级债券基金-优先级 [member]-最低资本,公司直接持有 [member]-分级债券基金-劣后级 [member]-最低资本,,,,,,,,,,,,,,,,,,
s1+s2,HeldByCompanyDirectlyMember-StockFundMember-EquityPriceRiskSecuritiesInvestmentFundMinimumCapital,HeldByCompanyDirectlyMember-GeneralStockFundMember-EquityPriceRiskSecuritiesInvestmentFundMinimumCapital,HeldByCompanyDirectlyMember-HierarchicalStockFundMember-EquityPriceRiskSecuritiesInvestmentFundMinimumCapital,,,,,,,,,,,,,,,,,,
,公司直接持有 [member]-股票基金 [member]-最低资本,公司直接持有 [member]-普通股票基金 [member]-最低资本,公司直接持有 [member]-分级股票基金 [member]-最低资本,,,,,,,,,,,,,,,,,,
s1+s2,HeldByCompanyDirectlyMember-HierarchicalStockFundMember-EquityPriceRiskSecuritiesInvestmentFundMinimumCapital,HeldByCompanyDirectlyMember-HierarchicalStockFundPreferredMember-EquityPriceRiskSecuritiesInvestmentFundMinimumCapital,HeldByCompanyDirectlyMember-HierarchicalStockFundSubordinatedMember-EquityPriceRiskSecuritiesInvestmentFundMinimumCapital,,,,,,,,,,,,,,,,,,
,公司直接持有 [member]-分级股票基金 [member]-最低资本,公司直接持有 [member]-分级股票基金-优先级 [member]-最低资本,公司直接持有 [member]-分级股票基金-劣后级 [member]-最低资本,,,,,,,,,,,,,,,,,,
end,,,,,,,,,,,,,,,,,,,,,
AbstractTable,EquityPriceRiskSecuritiesInvestmentFundHeldByLookThroughMethodAbstract,MR13-权益价格风险，穿透法还原后持有的证券投资基金 [abstract],,,,,,,,,,,,,,,,,,,
formula,out,s1,s2,s3,s4,,,,,,,,,,,,,,,,
s1+s2+s3+s4,EquityPriceRiskSecuritiesInvestmentFundMinimumCapital,HeldByLookThroughMethodMember-BondFundMember-EquityPriceRiskSecuritiesInvestmentFundMinimumCapital,HeldByLookThroughMethodMember-StockFundMember-EquityPriceRiskSecuritiesInvestmentFundMinimumCapital,HeldByLookThroughMethodMember-HybridFundMember-EquityPriceRiskSecuritiesInvestmentFundMinimumCapital,HeldByLookThroughMethodMember-MoneyMarketFundMember-EquityPriceRiskSecuritiesInvestmentFundMinimumCapital,,,,,,,,,,,,,,,,
,最低资本,穿透法还原后持有 [member]-债券基金 [member]-最低资本,穿透法还原后持有 [member]-股票基金 [member]-最低资本,穿透法还原后持有 [member]-混合基金 [member]-最低资本,穿透法还原后持有 [member]-货币市场基金 [member]-最低资本,,,,,,,,,,,,,,,,
s1+s2,HeldByLookThroughMethodMember-BondFundMember-EquityPriceRiskSecuritiesInvestmentFundMinimumCapital,HeldByLookThroughMethodMember-GeneralBondFundMember-EquityPriceRiskSecuritiesInvestmentFundMinimumCapital,HeldByLookThroughMethodMember-HierarchicalBondFundMember-EquityPriceRiskSecuritiesInvestmentFundMinimumCapital,,,,,,,,,,,,,,,,,,
,穿透法还原后持有 [member]-债券基金 [member]-最低资本,穿透法还原后持有 [member]-普通债券基金 [member]-最低资本,穿透法还原后持有 [member]-分级债券基金 [member]-最低资本,,,,,,,,,,,,,,,,,,
s1+s2,HeldByLookThroughMethodMember-HierarchicalBondFundMember-EquityPriceRiskSecuritiesInvestmentFundMinimumCapital,HeldByLookThroughMethodMember-HierarchicalBondFundPreferredMember-EquityPriceRiskSecuritiesInvestmentFundMinimumCapital,HeldByLookThroughMethodMember-HierarchicalBondFundSubordinatedMember-EquityPriceRiskSecuritiesInvestmentFundMinimumCapital,,,,,,,,,,,,,,,,,,
,穿透法还原后持有 [member]-分级债券基金 [member]-最低资本,穿透法还原后持有 [member]-分级债券基金-优先级 [member]-最低资本,穿透法还原后持有 [member]-分级债券基金-劣后级 [member]-最低资本,,,,,,,,,,,,,,,,,,
s1+s2,HeldByLookThroughMethodMember-StockFundMember-EquityPriceRiskSecuritiesInvestmentFundMinimumCapital,HeldByLookThroughMethodMember-GeneralStockFundMember-EquityPriceRiskSecuritiesInvestmentFundMinimumCapital,HeldByLookThroughMethodMember-HierarchicalStockFundMember-EquityPriceRiskSecuritiesInvestmentFundMinimumCapital,,,,,,,,,,,,,,,,,,
,穿透法还原后持有 [member]-股票基金 [member]-最低资本,穿透法还原后持有 [member]-普通股票基金 [member]-最低资本,穿透法还原后持有 [member]-分级股票基金 [member]-最低资本,,,,,,,,,,,,,,,,,,
s1+s2,HeldByLookThroughMethodMember-HierarchicalStockFundMember-EquityPriceRiskSecuritiesInvestmentFundMinimumCapital,HeldByLookThroughMethodMember-HierarchicalStockFundPreferredMember-EquityPriceRiskSecuritiesInvestmentFundMinimumCapital,HeldByLookThroughMethodMember-HierarchicalStockFundSubordinatedMember-EquityPriceRiskSecuritiesInvestmentFundMinimumCapital,,,,,,,,,,,,,,,,,,
,穿透法还原后持有 [member]-分级股票基金 [member]-最低资本,穿透法还原后持有 [member]-分级股票基金-优先级 [member]-最低资本,穿透法还原后持有 [member]-分级股票基金-劣后级 [member]-最低资本,,,,,,,,,,,,,,,,,,
end,,,,,,,,,,,,,,,,,,,,,
AbstractTable,EquityPriceRiskConvertibleBondAbstract,MR14-权益价格风险，可转债 [abstract],,,,,,,,,,,,,,,,,,,
formula,out,s1,s2,,,,,,,,,,,,,,,,,,
s1+s2,EquityPriceRiskConvertibleBondMinimumCapital,HeldByCompanyDirectlyMember-EquityPriceRiskConvertibleBondMinimumCapital,HeldByLookThroughMethodMember-EquityPriceRiskConvertibleBondMinimumCapital,,,,,,,,,,,,,,,,,,
,最低资本,公司直接持有 [member]-最低资本,穿透法还原后持有 [member]-最低资本,,,,,,,,,,,,,,,,,,
end,,,,,,,,,,,,,,,,,,,,,
AbstractTable,EquityPriceRiskInfrastructureEquityInvestmentPlansAbstract,MR15-权益价格风险，基础设施股权投资计划 [abstract],,,,,,,,,,,,,,,,,,,
formula,out,s1,s2,,,,,,,,,,,,,,,,,,
s1+s2,EquityPriceRiskInfrastructureEquityInvestmentPlansMinimumCapital,IncludingGuaranteesTermsMember-EquityPriceRiskInfrastructureEquityInvestmentPlansMinimumCapital,ExcludingGuaranteesTermsMember-EquityPriceRiskInfrastructureEquityInvestmentPlansMinimumCapital,,,,,,,,,,,,,,,,,,
,最低资本,包括保证条款 [member]-最低资本,不包括保证条款 [member]-最低资本,,,,,,,,,,,,,,,,,,
end,,,,,,,,,,,,,,,,,,,,,
AbstractTable,EquityPriceRiskAssetManagementProductsAbstract,MR16-权益价格风险，资产管理产品 [abstract],,,,,,,,,,,,,,,,,,,
formula,out,s1,s2,s3,s4,,,,,,,,,,,,,,,,
s1+s2,EquityPriceRiskAssetManagementProductsMinimumCapital,UnableToBeLookedThroughMember-EquityPriceRiskAssetManagementProductsMinimumCapital,AbleToBeLookedThroughMember-EquityPriceRiskAssetManagementProductsMinimumCapital,,,,,,,,,,,,,,,,,,
,最低资本,无法穿透 [member]-最低资本,可穿透 [member]-最低资本,,,,,,,,,,,,,,,,,,
s1+s2+s3+s4,UnableToBeLookedThroughMember-EquityPriceRiskAssetManagementProductsMinimumCapital,UnableToBeLookedThroughMember-EquityAssetManagementProductsMember-EquityPriceRiskAssetManagementProductsMinimumCapital,UnableToBeLookedThroughMember-FixedIncomeAssetManagementProductsMember-EquityPriceRiskAssetManagementProductsMinimumCapital,UnableToBeLookedThroughMember-AlternativeAssetManagementProductsMember-EquityPriceRiskAssetManagementProductsMinimumCapital,UnableToBeLookedThroughMember-HybridAssetManagementProductsMember-EquityPriceRiskAssetManagementProductsMinimumCapital,,,,,,,,,,,,,,,,
,无法穿透 [member]-最低资本,无法穿透 [member]-资产管理产品-权益类 [member]-最低资本,无法穿透 [member]-资产管理产品-固定收益类 [member]-最低资本,无法穿透 [member]-资产管理产品-另类 [member]-最低资本,无法穿透 [member]-资产管理产品-混合类 [member]-最低资本,,,,,,,,,,,,,,,,
s1+s2+s3+s4,AbleToBeLookedThroughMember-EquityPriceRiskAssetManagementProductsMinimumCapital,AbleToBeLookedThroughMember-EquityAssetManagementProductsMember-EquityPriceRiskAssetManagementProductsMinimumCapital,AbleToBeLookedThroughMember-FixedIncomeAssetManagementProductsMember-EquityPriceRiskAssetManagementProductsMinimumCapital,AbleToBeLookedThroughMember-AlternativeAssetManagementProductsMember-EquityPriceRiskAssetManagementProductsMinimumCapital,AbleToBeLookedThroughMember-HybridAssetManagementProductsMember-EquityPriceRiskAssetManagementProductsMinimumCapital,,,,,,,,,,,,,,,,
,可穿透 [member]-最低资本,可穿透 [member]-资产管理产品-权益类 [member]-最低资本,可穿透 [member]-资产管理产品-固定收益类 [member]-最低资本,可穿透 [member]-资产管理产品-另类 [member]-最低资本,可穿透 [member]-资产管理产品-混合类 [member]-最低资本,,,,,,,,,,,,,,,,
end,,,,,,,,,,,,,,,,,,,,,
AbstractTable,EquityPriceRiskUnlistedEquityInvestmentPlansAbstract,MR17-权益价格风险，未上市股权投资计划 [abstract],,,,,,,,,,,,,,,,,,,
formula,out,s1,s2,,,,,,,,,,,,,,,,,,
s1+s2,EquityPriceRiskUnlistedEquityInvestmentPlansMinimumCapital,UnableToBeLookedThroughMember-EquityPriceRiskUnlistedEquityInvestmentPlansMinimumCapital,AbleToBeLookedThroughMember-EquityPriceRiskUnlistedEquityInvestmentPlansMinimumCapital,,,,,,,,,,,,,,,,,,
,最低资本,无法穿透 [member]-最低资本,可穿透 [member]-最低资本,,,,,,,,,,,,,,,,,,
end,,,,,,,,,,,,,,,,,,,,,
AbstractTable,EquityPriceRiskEquityTrustPlansAbstract,MR18-权益价格风险，权益类信托计划 [abstract],,,,,,,,,,,,,,,,,,,
formula,out,s1,s2,,,,,,,,,,,,,,,,,,
s1+s2,EquityPriceRiskEquityTrustPlansMinimumCapital,UnableToBeLookedThroughMember-EquityPriceRiskEquityTrustPlansMinimumCapital,AbleToBeLookedThroughMember-EquityPriceRiskEquityTrustPlansMinimumCapital,,,,,,,,,,,,,,,,,,
,最低资本,无法穿透 [member]-最低资本,可穿透 [member]-最低资本,,,,,,,,,,,,,,,,,,
end,,,,,,,,,,,,,,,,,,,,,
AbstractTable,EquityPriceRiskPreferredSharesHeldByCompanyDirectlyAbstract,MR20-权益价格风险，公司直接持有的优先股 [abstract],,,,,,,,,,,,,,,,,,,
formula,out,s1,s2,s3,s4,,,,,,,,,,,,,,,,
s1+s2,EquityPriceRiskPreferredSharesMinimumCapital,HeldByCompanyDirectlyMember-PreferredSharesIssuedByListedCompanyMember-EquityPriceRiskPreferredSharesMinimumCapital,HeldByCompanyDirectlyMember-PreferredSharesIssuedByNonListedPublicCompanyMember-EquityPriceRiskPreferredSharesMinimumCapital,,,,,,,,,,,,,,,,,,
,最低资本,公司直接持有 [member]-上市公司 [member]-最低资本,公司直接持有 [member]-非上市公司 [member]-最低资本,,,,,,,,,,,,,,,,,,
s1+s2,HeldByCompanyDirectlyMember-PreferredSharesIssuedByListedCompanyMember-EquityPriceRiskPreferredSharesMinimumCapital,HeldByCompanyDirectlyMember-PreferredSharesPubliclyIssuedByListedCompanyMember-EquityPriceRiskPreferredSharesMinimumCapital,HeldByCompanyDirectlyMember-PreferredSharesNonPubliclyIssuedByListedCompanyMember-EquityPriceRiskPreferredSharesMinimumCapital,,,,,,,,,,,,,,,,,,
,公司直接持有 [member]-上市公司 [member]-最低资本,公司直接持有 [member]-上市公司-公开发行 [member]-最低资本,公司直接持有 [member]-上市公司-非公开发行 [member]-最低资本,,,,,,,,,,,,,,,,,,
s1+s2,HeldByCompanyDirectlyMember-PreferredSharesNonPubliclyIssuedByListedCompanyMember-EquityPriceRiskPreferredSharesMinimumCapital,HeldByCompanyDirectlyMember-PreferredSharesNonPubliclyIssuedByListedBankOrInsuranceCompanyWithoutTermsOnObligatoryConversionToCommonStockOrIssuedByListedNonBankingOrNonInsuranceCompanyMember-EquityPriceRiskPreferredSharesMinimumCapital,HeldByCompanyDirectlyMember-PreferredSharesNonPubliclyIssuedByListedBankOrInsuranceCompanyWithTermsOnObligatoryConversionToCommonStockMember-EquityPriceRiskPreferredSharesMinimumCapital,,,,,,,,,,,,,,,,,,
,公司直接持有 [member]-上市公司-非公开发行 [member]-最低资本,公司直接持有 [member]-银行、保险公司发行的不带强制转换为普通股条款的或者非银行、非保险机构发行的 [member]-最低资本,公司直接持有 [member]-银行、保险公司发行的带有强制转换为普通股条款的 [member]-最低资本,,,,,,,,,,,,,,,,,,
s1+s2,HeldByCompanyDirectlyMember-PreferredSharesNonPubliclyIssuedByListedBankOrInsuranceCompanyWithTermsOnObligatoryConversionToCommonStockMember-EquityPriceRiskPreferredSharesMinimumCapital,HeldByCompanyDirectlyMember-PreferredSharesNonPubliclyIssuedByListedBankOrInsuranceCompanyWithCapitalAdequacyRatiosAtAllTiersEntirelyMeetingRegulatoryRequirementsWithTermsOnObligatoryConversionToCommonStockMember-EquityPriceRiskPreferredSharesMinimumCapital,HeldByCompanyDirectlyMember-PreferredSharesNonPubliclyIssuedByListedBankOrInsuranceCompanyWithCapitalAdequacyRatiosAtAllTiersNotEntirelyMeetingRegulatoryRequirementsWithTermsOnObligatoryConversionToCommonStockMember-EquityPriceRiskPreferredSharesMinimumCapital,,,,,,,,,,,,,,,,,,
,公司直接持有 [member]-银行、保险公司发行的带有强制转换为普通股条款的 [member]-最低资本,公司直接持有 [member]-各级资本充足率全部达到监管要求 [member]-最低资本,公司直接持有 [member]-各级资本充足率未全部达到监管要求 [member]-最低资本,,,,,,,,,,,,,,,,,,
s1+s2+s3,HeldByCompanyDirectlyMember-PreferredSharesIssuedByNonListedPublicCompanyMember-EquityPriceRiskPreferredSharesMinimumCapital,HeldByCompanyDirectlyMember-PreferredSharesIssuedByNonListedPublicBankOrInsuranceCompanyWithoutTermsOnObligatoryConversionToCommonStockOrIssuedByNonListedPublicNonBankingOrNonInsuranceCompanyMember-EquityPriceRiskPreferredSharesMinimumCapital,HeldByCompanyDirectlyMember-PreferredSharesIssuedByNonListedPublicCommercialBankWithTermsOnObligatoryConversionToCommonStockMember-EquityPriceRiskPreferredSharesMinimumCapital,HeldByCompanyDirectlyMember-PreferredSharesIssuedByNonListedPublicInsuranceCompanyWithTermsOnObligatoryConversionToCommonStockMember-EquityPriceRiskPreferredSharesMinimumCapital,,,,,,,,,,,,,,,,,
,公司直接持有 [member]-非上市公司 [member]-最低资本,公司直接持有 [member]-银行、保险公司发行的不带强制转换为普通股条款的或者非银行、非保险机构发行的 [member]-最低资本,公司直接持有 [member]-商业银行发行带有强制转换为普通股条款的 [member]-最低资本,公司直接持有 [member]-保险公司发行带有强制转换为普通股条款的 [member]-最低资本,,,,,,,,,,,,,,,,,
s1+s2,HeldByCompanyDirectlyMember-PreferredSharesIssuedByNonListedPublicCommercialBankWithTermsOnObligatoryConversionToCommonStockMember-EquityPriceRiskPreferredSharesMinimumCapital,HeldByCompanyDirectlyMember-PreferredSharesIssuedByNonListedPublicCommercialBankWithCapitalAdequacyRatiosAtAllTiersEntirelyMeetingRegulatoryRequirementsWithTermsOnObligatoryConversionToCommonStockMember-EquityPriceRiskPreferredSharesMinimumCapital,HeldByCompanyDirectlyMember-PreferredSharesIssuedByNonListedPublicCommercialBankWithCapitalAdequacyRatiosAtAllTiersNotEntirelyMeetingRegulatoryRequirementsWithTermsOnObligatoryConversionToCommonStockMember-EquityPriceRiskPreferredSharesMinimumCapital,,,,,,,,,,,,,,,,,,
,公司直接持有 [member]-商业银行发行带有强制转换为普通股条款的 [member]-最低资本,公司直接持有 [member]-各级资本充足率全部达到监管要求 [member]-最低资本,公司直接持有 [member]-各级资本充足率未全部达到监管要求 [member]-最低资本,,,,,,,,,,,,,,,,,,
s1+s2+s3+s4,HeldByCompanyDirectlyMember-PreferredSharesIssuedByNonListedPublicCommercialBankWithCapitalAdequacyRatiosAtAllTiersEntirelyMeetingRegulatoryRequirementsWithTermsOnObligatoryConversionToCommonStockMember-EquityPriceRiskPreferredSharesMinimumCapital,HeldByCompanyDirectlyMember-PreferredSharesIssuedByNonListedPublicPolicyBankStateOwnedCommercialBankWithCapitalAdequacyRatiosAtAllTiersEntirelyMeetingRegulatoryRequirementsWithTermsOnObligatoryConversionToCommonStockMember-EquityPriceRiskPreferredSharesMinimumCapital,HeldByCompanyDirectlyMember-PreferredSharesIssuedByNonListedPublicJointStockCommercialBankPostSavingsBankWithCapitalAdequacyRatiosAtAllTiersEntirelyMeetingRegulatoryRequirementsWithTermsOnObligatoryConversionToCommonStockMember-EquityPriceRiskPreferredSharesMinimumCapital,HeldByCompanyDirectlyMember-PreferredSharesIssuedByNonListedPublicCityCommercialBankWithCapitalAdequacyRatiosAtAllTiersEntirelyMeetingRegulatoryRequirementsWithTermsOnObligatoryConversionToCommonStockMember-EquityPriceRiskPreferredSharesMinimumCapital,HeldByCompanyDirectlyMember-PreferredSharesIssuedByOtherNonListedPublicCommercialBankWithCapitalAdequacyRatiosAtAllTiersEntirelyMeetingRegulatoryRequirementsWithTermsOnObligatoryConversionToCommonStockMember-EquityPriceRiskPreferredSharesMinimumCapital,,,,,,,,,,,,,,,,
,公司直接持有 [member]-各级资本充足率全部达到监管要求 [member]-最低资本,公司直接持有 [member]-政策性银行、国有商业银行 [member]-最低资本,公司直接持有 [member]-股份制商业银行、邮政储蓄银行 [member]-最低资本,公司直接持有 [member]-城市商业银行 [member]-最低资本,公司直接持有 [member]-其他商业银行 [member]-最低资本,,,,,,,,,,,,,,,,
s1+s2,HeldByCompanyDirectlyMember-PreferredSharesIssuedByNonListedPublicInsuranceCompanyWithTermsOnObligatoryConversionToCommonStockMember-EquityPriceRiskPreferredSharesMinimumCapital,HeldByCompanyDirectlyMember-PreferredSharesIssuedByNonListedPublicInsuranceCompanyWithSolvencyAdequacyRatiosAtAllTiersEntirelyMeetingRegulatoryRequirementsWithTermsOnObligatoryConversionToCommonStockMember-EquityPriceRiskPreferredSharesMinimumCapital,HeldByCompanyDirectlyMember-PreferredSharesIssuedByNonListedPublicInsuranceCompanyWithSolvencyAdequacyRatiosAtAllTiersNotEntirelyMeetingRegulatoryRequirementsWithTermsOnObligatoryConversionToCommonStockMember-EquityPriceRiskPreferredSharesMinimumCapital,,,,,,,,,,,,,,,,,,
,公司直接持有 [member]-保险公司发行带有强制转换为普通股条款的 [member]-最低资本,公司直接持有 [member]-各级偿付能力充足率全部达到监管要求 [member]-最低资本,公司直接持有 [member]-各级偿付能力充足率未全部达到监管要求 [member]-最低资本,,,,,,,,,,,,,,,,,,
end,,,,,,,,,,,,,,,,,,,,,
AbstractTable,EquityPriceRiskPreferredSharesHeldByLookThroughMethodAbstract,MR21-权益价格风险，穿透法还原后持有的优先股 [abstract],,,,,,,,,,,,,,,,,,,
formula,out,s1,s2,s3,s4,,,,,,,,,,,,,,,,
s1+s2,EquityPriceRiskPreferredSharesMinimumCapital,HeldByLookThroughMethodMember-PreferredSharesIssuedByListedCompanyMember-EquityPriceRiskPreferredSharesMinimumCapital,HeldByLookThroughMethodMember-PreferredSharesIssuedByNonListedPublicCompanyMember-EquityPriceRiskPreferredSharesMinimumCapital,,,,,,,,,,,,,,,,,,
,最低资本,穿透法还原后持有 [member]-上市公司 [member]-最低资本,穿透法还原后持有 [member]-非上市公众公司 [member]-最低资本,,,,,,,,,,,,,,,,,,
s1+s2,HeldByLookThroughMethodMember-PreferredSharesIssuedByListedCompanyMember-EquityPriceRiskPreferredSharesMinimumCapital,HeldByLookThroughMethodMember-PreferredSharesPubliclyIssuedByListedCompanyMember-EquityPriceRiskPreferredSharesMinimumCapital,HeldByLookThroughMethodMember-PreferredSharesNonPubliclyIssuedByListedCompanyMember-EquityPriceRiskPreferredSharesMinimumCapital,,,,,,,,,,,,,,,,,,
,穿透法还原后持有 [member]-上市公司 [member]-最低资本,穿透法还原后持有 [member]-上市公司-公开发行 [member]-最低资本,穿透法还原后持有 [member]-上市公司-非公开发行 [member]-最低资本,,,,,,,,,,,,,,,,,,
s1+s2,HeldByLookThroughMethodMember-PreferredSharesNonPubliclyIssuedByListedCompanyMember-EquityPriceRiskPreferredSharesMinimumCapital,HeldByLookThroughMethodMember-PreferredSharesNonPubliclyIssuedByListedBankOrInsuranceCompanyWithoutTermsOnObligatoryConversionToCommonStockOrIssuedByListedNonBankingOrNonInsuranceCompanyMember-EquityPriceRiskPreferredSharesMinimumCapital,HeldByLookThroughMethodMember-PreferredSharesNonPubliclyIssuedByListedBankOrInsuranceCompanyWithTermsOnObligatoryConversionToCommonStockMember-EquityPriceRiskPreferredSharesMinimumCapital,,,,,,,,,,,,,,,,,,
,穿透法还原后持有 [member]-上市公司-非公开发行 [member]-最低资本,穿透法还原后持有 [member]-银行、保险公司发行的不带强制转换为普通股条款的或者非银行、非保险机构发行的 [member]-最低资本,穿透法还原后持有 [member]-银行、保险公司发行的带有强制转换为普通股条款的 [member]-最低资本,,,,,,,,,,,,,,,,,,
s1+s2,HeldByLookThroughMethodMember-PreferredSharesNonPubliclyIssuedByListedBankOrInsuranceCompanyWithTermsOnObligatoryConversionToCommonStockMember-EquityPriceRiskPreferredSharesMinimumCapital,HeldByLookThroughMethodMember-PreferredSharesNonPubliclyIssuedByListedBankOrInsuranceCompanyWithCapitalAdequacyRatiosAtAllTiersEntirelyMeetingRegulatoryRequirementsWithTermsOnObligatoryConversionToCommonStockMember-EquityPriceRiskPreferredSharesMinimumCapital,HeldByLookThroughMethodMember-PreferredSharesNonPubliclyIssuedByListedBankOrInsuranceCompanyWithCapitalAdequacyRatiosAtAllTiersNotEntirelyMeetingRegulatoryRequirementsWithTermsOnObligatoryConversionToCommonStockMember-EquityPriceRiskPreferredSharesMinimumCapital,,,,,,,,,,,,,,,,,,
,穿透法还原后持有 [member]-银行、保险公司发行的带有强制转换为普通股条款的 [member]-最低资本,穿透法还原后持有 [member]-各级资本充足率全部达到监管要求 [member]-最低资本,穿透法还原后持有 [member]-各级资本充足率未全部达到监管要求 [member]-最低资本,,,,,,,,,,,,,,,,,,
s1+s2+s3,HeldByLookThroughMethodMember-PreferredSharesIssuedByNonListedPublicCompanyMember-EquityPriceRiskPreferredSharesMinimumCapital,HeldByLookThroughMethodMember-PreferredSharesIssuedByNonListedPublicBankOrInsuranceCompanyWithoutTermsOnObligatoryConversionToCommonStockOrIssuedByNonListedPublicNonBankingOrNonInsuranceCompanyMember-EquityPriceRiskPreferredSharesMinimumCapital,HeldByLookThroughMethodMember-PreferredSharesIssuedByNonListedPublicCommercialBankWithTermsOnObligatoryConversionToCommonStockMember-EquityPriceRiskPreferredSharesMinimumCapital,HeldByLookThroughMethodMember-PreferredSharesIssuedByNonListedPublicInsuranceCompanyWithTermsOnObligatoryConversionToCommonStockMember-EquityPriceRiskPreferredSharesMinimumCapital,,,,,,,,,,,,,,,,,
,穿透法还原后持有 [member]-非上市公众公司 [member]-最低资本,穿透法还原后持有 [member]-银行、保险公司发行的不带强制转换为普通股条款的或者非银行、非保险机构发行的 [member]-最低资本,穿透法还原后持有 [member]-商业银行发行带有强制转换为普通股条款的 [member]-最低资本,穿透法还原后持有 [member]-保险公司发行带有强制转换为普通股条款的 [member]-最低资本,,,,,,,,,,,,,,,,,
s1+s2,HeldByLookThroughMethodMember-PreferredSharesIssuedByNonListedPublicCommercialBankWithTermsOnObligatoryConversionToCommonStockMember-EquityPriceRiskPreferredSharesMinimumCapital,HeldByLookThroughMethodMember-PreferredSharesIssuedByNonListedPublicCommercialBankWithCapitalAdequacyRatiosAtAllTiersEntirelyMeetingRegulatoryRequirementsWithTermsOnObligatoryConversionToCommonStockMember-EquityPriceRiskPreferredSharesMinimumCapital,HeldByLookThroughMethodMember-PreferredSharesIssuedByNonListedPublicCommercialBankWithCapitalAdequacyRatiosAtAllTiersNotEntirelyMeetingRegulatoryRequirementsWithTermsOnObligatoryConversionToCommonStockMember-EquityPriceRiskPreferredSharesMinimumCapital,,,,,,,,,,,,,,,,,,
,穿透法还原后持有 [member]-商业银行发行带有强制转换为普通股条款的 [member]-最低资本,穿透法还原后持有 [member]-各级资本充足率全部达到监管要求 [member]-最低资本,穿透法还原后持有 [member]-各级资本充足率未全部达到监管要求 [member]-最低资本,,,,,,,,,,,,,,,,,,
s1+s2+s3+s4,HeldByLookThroughMethodMember-PreferredSharesIssuedByNonListedPublicCommercialBankWithCapitalAdequacyRatiosAtAllTiersEntirelyMeetingRegulatoryRequirementsWithTermsOnObligatoryConversionToCommonStockMember-EquityPriceRiskPreferredSharesMinimumCapital,HeldByLookThroughMethodMember-PreferredSharesIssuedByNonListedPublicPolicyBankStateOwnedCommercialBankWithCapitalAdequacyRatiosAtAllTiersEntirelyMeetingRegulatoryRequirementsWithTermsOnObligatoryConversionToCommonStockMember-EquityPriceRiskPreferredSharesMinimumCapital,HeldByLookThroughMethodMember-PreferredSharesIssuedByNonListedPublicJointStockCommercialBankPostSavingsBankWithCapitalAdequacyRatiosAtAllTiersEntirelyMeetingRegulatoryRequirementsWithTermsOnObligatoryConversionToCommonStockMember-EquityPriceRiskPreferredSharesMinimumCapital,HeldByLookThroughMethodMember-PreferredSharesIssuedByNonListedPublicCityCommercialBankWithCapitalAdequacyRatiosAtAllTiersEntirelyMeetingRegulatoryRequirementsWithTermsOnObligatoryConversionToCommonStockMember-EquityPriceRiskPreferredSharesMinimumCapital,HeldByLookThroughMethodMember-PreferredSharesIssuedByOtherNonListedPublicCommercialBankWithCapitalAdequacyRatiosAtAllTiersEntirelyMeetingRegulatoryRequirementsWithTermsOnObligatoryConversionToCommonStockMember-EquityPriceRiskPreferredSharesMinimumCapital,,,,,,,,,,,,,,,,
,穿透法还原后持有 [member]-各级资本充足率全部达到监管要求 [member]-最低资本,穿透法还原后持有 [member]-政策性银行、国有商业银行 [member]-最低资本,穿透法还原后持有 [member]-股份制商业银行、邮政储蓄银行 [member]-最低资本,穿透法还原后持有 [member]-城市商业银行 [member]-最低资本,穿透法还原后持有 [member]-其他商业银行 [member]-最低资本,,,,,,,,,,,,,,,,
s1+s2,HeldByLookThroughMethodMember-PreferredSharesIssuedByNonListedPublicInsuranceCompanyWithTermsOnObligatoryConversionToCommonStockMember-EquityPriceRiskPreferredSharesMinimumCapital,HeldByLookThroughMethodMember-PreferredSharesIssuedByNonListedPublicInsuranceCompanyWithSolvencyAdequacyRatiosAtAllTiersEntirelyMeetingRegulatoryRequirementsWithTermsOnObligatoryConversionToCommonStockMember-EquityPriceRiskPreferredSharesMinimumCapital,HeldByLookThroughMethodMember-PreferredSharesIssuedByNonListedPublicInsuranceCompanyWithSolvencyAdequacyRatiosAtAllTiersNotEntirelyMeetingRegulatoryRequirementsWithTermsOnObligatoryConversionToCommonStockMember-EquityPriceRiskPreferredSharesMinimumCapital,,,,,,,,,,,,,,,,,,
,穿透法还原后持有 [member]-保险公司发行带有强制转换为普通股条款的 [member]-最低资本,穿透法还原后持有 [member]-各级偿付能力充足率全部达到监管要求 [member]-最低资本,穿透法还原后持有 [member]-各级偿付能力充足率未全部达到监管要求 [member]-最低资本,,,,,,,,,,,,,,,,,,
end,,,,,,,,,,,,,,,,,,,,,
AbstractTable,EquityPriceRiskLongTermEquityInvestmentsInSubsidiariesJointVenturesAndAssociatedCompaniesAbstract,MR22-权益价格风险，对子公司、合营企业和联营企业的长期股权投资 [abstract],,,,,,,,,,,,,,,,,,,
formula,out,s1,s2,,,,,,,,,,,,,,,,,,
s1+s2,EquityPriceRiskLongTermEquityInvestmentsInSubsidiariesJointVenturesAndAssociatedCompaniesMinimumCapital,HeldByCompanyDirectlyMember-EquityPriceRiskLongTermEquityInvestmentsInSubsidiariesJointVenturesAndAssociatedCompaniesMinimumCapital,HeldByLookThroughMethodMember-EquityPriceRiskLongTermEquityInvestmentsInSubsidiariesJointVenturesAndAssociatedCompaniesMinimumCapital,,,,,,,,,,,,,,,,,,
,最低资本,公司直接持有 [member]-最低资本,穿透法还原后持有 [member]-最低资本,,,,,,,,,,,,,,,,,,
s1+s2,HeldByCompanyDirectlyMember-EquityPriceRiskLongTermEquityInvestmentsInSubsidiariesJointVenturesAndAssociatedCompaniesMinimumCapital,HeldByCompanyDirectlyMember-LongTermEquityInvestmentsInSubsidiariesMember-EquityPriceRiskLongTermEquityInvestmentsInSubsidiariesJointVenturesAndAssociatedCompaniesMinimumCapital,HeldByCompanyDirectlyMember-LongTermEquityInvestmentsInJointVenturesAndAssociatedCompaniesMember-EquityPriceRiskLongTermEquityInvestmentsInSubsidiariesJointVenturesAndAssociatedCompaniesMinimumCapital,,,,,,,,,,,,,,,,,,
,公司直接持有 [member]-最低资本,公司直接持有 [member]-对子公司的长期股权投资 [member]-最低资本,公司直接持有 [member]-对合营企业和联营企业的长期股权投资 [member]-最低资本,,,,,,,,,,,,,,,,,,
s1+s2,HeldByLookThroughMethodMember-EquityPriceRiskLongTermEquityInvestmentsInSubsidiariesJointVenturesAndAssociatedCompaniesMinimumCapital,HeldByLookThroughMethodMember-LongTermEquityInvestmentsInSubsidiariesMember-EquityPriceRiskLongTermEquityInvestmentsInSubsidiariesJointVenturesAndAssociatedCompaniesMinimumCapital,HeldByLookThroughMethodMember-LongTermEquityInvestmentsInJointVenturesAndAssociatedCompaniesMember-EquityPriceRiskLongTermEquityInvestmentsInSubsidiariesJointVenturesAndAssociatedCompaniesMinimumCapital,,,,,,,,,,,,,,,,,,
,穿透法还原后持有 [member]-最低资本,穿透法还原后持有 [member]-对子公司的长期股权投资 [member]-最低资本,穿透法还原后持有 [member]-对合营企业和联营企业的长期股权投资 [member]-最低资本,,,,,,,,,,,,,,,,,,
end,,,,,,,,,,,,,,,,,,,,,
AbstractTable,PropertyPriceRiskInvestmentPropertyHeldByCompanyDirectlyAbstract,MR23-房地产价格风险，公司直接持有的投资性房地产 [abstract],,,,,,,,,,,,,,,,,,,
formula,out,s1,s2,,,,,,,,,,,,,,,,,,
s1+s2,MarketRiskMinimumCapitalForPropertyPriceRisk,InvestmentPropertyHeldAsRealPropertyMember-MarketRiskMinimumCapitalForPropertyPriceRisk,InvestmentPropertyHeldThroughProjectCompanyMember-MarketRiskMinimumCapitalForPropertyPriceRisk,,,,,,,,,,,,,,,,,,
,最低资本,投资性不动产物权 [member]-最低资本,不动产项目公司股权 [member]-最低资本,,,,,,,,,,,,,,,,,,
s1+s2,InvestmentPropertyHeldAsRealPropertyMember-MarketRiskMinimumCapitalForPropertyPriceRisk,InvestmentPropertyHeldAsRealPropertyMember-CostMethodMember-MarketRiskMinimumCapitalForPropertyPriceRisk,InvestmentPropertyHeldAsRealPropertyMember-FairValueMethodMember-MarketRiskMinimumCapitalForPropertyPriceRisk,,,,,,,,,,,,,,,,,,
,投资性不动产物权 [member]-最低资本,投资性不动产物权 [member]-成本法核算 [member]-最低资本,投资性不动产物权 [member]-公允价值核算 [member]-最低资本,,,,,,,,,,,,,,,,,,
s1+s2,InvestmentPropertyHeldThroughProjectCompanyMember-MarketRiskMinimumCapitalForPropertyPriceRisk,InvestmentPropertyHeldThroughProjectCompanyMember-CostMethodMember-MarketRiskMinimumCapitalForPropertyPriceRisk,InvestmentPropertyHeldThroughProjectCompanyMember-FairValueMethodMember-MarketRiskMinimumCapitalForPropertyPriceRisk,,,,,,,,,,,,,,,,,,
,不动产项目公司股权 [member]-最低资本,不动产项目公司股权 [member]-成本法核算 [member]-最低资本,不动产项目公司股权 [member]-公允价值核算 [member]-最低资本,,,,,,,,,,,,,,,,,,
end,,,,,,,,,,,,,,,,,,,,,
AbstractTable,PropertyPriceRiskInvestmentPropertyHeldByLookThroughMethodAbstract,MR24-房地产价格风险，穿透法还原后持有的投资性房地产 [abstract],,,,,,,,,,,,,,,,,,,
formula,out,s1,s2,,,,,,,,,,,,,,,,,,
s1+s2,MarketRiskMinimumCapitalForPropertyPriceRisk,InvestmentPropertyHeldAsRealPropertyMember-MarketRiskMinimumCapitalForPropertyPriceRisk,InvestmentPropertyHeldThroughProjectCompanyMember-MarketRiskMinimumCapitalForPropertyPriceRisk,,,,,,,,,,,,,,,,,,
,最低资本,投资性不动产物权 [member]-最低资本,不动产项目公司股权 [member]-最低资本,,,,,,,,,,,,,,,,,,
s1+s2,InvestmentPropertyHeldAsRealPropertyMember-MarketRiskMinimumCapitalForPropertyPriceRisk,InvestmentPropertyHeldAsRealPropertyMember-CostMethodMember-MarketRiskMinimumCapitalForPropertyPriceRisk,InvestmentPropertyHeldAsRealPropertyMember-FairValueMethodMember-MarketRiskMinimumCapitalForPropertyPriceRisk,,,,,,,,,,,,,,,,,,
,投资性不动产物权 [member]-最低资本,投资性不动产物权 [member]-成本法核算 [member]-最低资本,投资性不动产物权 [member]-公允价值核算 [member]-最低资本,,,,,,,,,,,,,,,,,,
s1+s2,InvestmentPropertyHeldThroughProjectCompanyMember-MarketRiskMinimumCapitalForPropertyPriceRisk,InvestmentPropertyHeldThroughProjectCompanyMember-CostMethodMember-MarketRiskMinimumCapitalForPropertyPriceRisk,InvestmentPropertyHeldThroughProjectCompanyMember-FairValueMethodMember-MarketRiskMinimumCapitalForPropertyPriceRisk,,,,,,,,,,,,,,,,,,
,不动产项目公司股权 [member]-最低资本,不动产项目公司股权 [member]-成本法核算 [member]-最低资本,不动产项目公司股权 [member]-公允价值核算 [member]-最低资本,,,,,,,,,,,,,,,,,,
end,,,,,,,,,,,,,,,,,,,,,
AbstractTable,PriceRiskOfOverseasFixedIncomeInvestmentAssetsDetailsAbstract,MR25-境外固定收益类资产价格风险所涉资产明细表 [abstract],,,,,,,,,,,,,,,,,,,
formula,out,s1,s2,,,,,,,,,,,,,,,,,,
s1+s2,MarketRiskMinimumCapitalForOverseasFixedIncomeInvestmentAssetsPriceRisk,HeldByCompanyDirectlyMember-MarketRiskMinimumCapitalForOverseasFixedIncomeInvestmentAssetsPriceRisk,HeldByLookThroughMethodMember-MarketRiskMinimumCapitalForOverseasFixedIncomeInvestmentAssetsPriceRisk,,,,,,,,,,,,,,,,,,
,最低资本,公司直接持有 [member]-最低资本,穿透法还原后持有 [member]-最低资本,,,,,,,,,,,,,,,,,,
s1+s2,HeldByCompanyDirectlyMember-MarketRiskMinimumCapitalForOverseasFixedIncomeInvestmentAssetsPriceRisk,HeldByCompanyDirectlyMember-DevelopedMarketsMember-MarketRiskMinimumCapitalForOverseasFixedIncomeInvestmentAssetsPriceRisk,HeldByCompanyDirectlyMember-EmergingMarketsMember-MarketRiskMinimumCapitalForOverseasFixedIncomeInvestmentAssetsPriceRisk,,,,,,,,,,,,,,,,,,
,公司直接持有 [member]-最低资本,公司直接持有 [member]-发达市场 [member]-最低资本,公司直接持有 [member]-新兴市场 [member]-最低资本,,,,,,,,,,,,,,,,,,
s1+s2,HeldByLookThroughMethodMember-MarketRiskMinimumCapitalForOverseasFixedIncomeInvestmentAssetsPriceRisk,HeldByLookThroughMethodMember-DevelopedMarketsMember-MarketRiskMinimumCapitalForOverseasFixedIncomeInvestmentAssetsPriceRisk,HeldByLookThroughMethodMember-EmergingMarketsMember-MarketRiskMinimumCapitalForOverseasFixedIncomeInvestmentAssetsPriceRisk,,,,,,,,,,,,,,,,,,
,穿透法还原后持有 [member]-最低资本,穿透法还原后持有 [member]-发达市场 [member]-最低资本,穿透法还原后持有 [member]-新兴市场 [member]-最低资本,,,,,,,,,,,,,,,,,,
end,,,,,,,,,,,,,,,,,,,,,
AbstractTable,PriceRiskOfOverseasEquityInvestmentAssetsDetailsAbstract,MR26-境外权益类资产价格风险所涉资产明细表 [abstract],,,,,,,,,,,,,,,,,,,
formula,out,s1,s2,,,,,,,,,,,,,,,,,,
s1+s2,MarketRiskMinimumCapitalForOverseasEquityInvestmentAssetsPriceRisk,HeldByCompanyDirectlyMember-MarketRiskMinimumCapitalForOverseasEquityInvestmentAssetsPriceRisk,HeldByLookThroughMethodMember-MarketRiskMinimumCapitalForOverseasEquityInvestmentAssetsPriceRisk,,,,,,,,,,,,,,,,,,
,最低资本,公司直接持有 [member]-最低资本,穿透法还原后持有 [member]-最低资本,,,,,,,,,,,,,,,,,,
s1+s2,HeldByCompanyDirectlyMember-MarketRiskMinimumCapitalForOverseasEquityInvestmentAssetsPriceRisk,HeldByCompanyDirectlyMember-DevelopedMarketsMember-MarketRiskMinimumCapitalForOverseasEquityInvestmentAssetsPriceRisk,HeldByCompanyDirectlyMember-EmergingMarketsMember-MarketRiskMinimumCapitalForOverseasEquityInvestmentAssetsPriceRisk,,,,,,,,,,,,,,,,,,
,公司直接持有 [member]-最低资本,公司直接持有 [member]-发达市场 [member]-最低资本,公司直接持有 [member]-新兴市场 [member]-最低资本,,,,,,,,,,,,,,,,,,
s1+s2,HeldByLookThroughMethodMember-MarketRiskMinimumCapitalForOverseasEquityInvestmentAssetsPriceRisk,HeldByLookThroughMethodMember-DevelopedMarketsMember-MarketRiskMinimumCapitalForOverseasEquityInvestmentAssetsPriceRisk,HeldByLookThroughMethodMember-EmergingMarketsMember-MarketRiskMinimumCapitalForOverseasEquityInvestmentAssetsPriceRisk,,,,,,,,,,,,,,,,,,
,穿透法还原后持有 [member]-最低资本,穿透法还原后持有 [member]-发达市场 [member]-最低资本,穿透法还原后持有 [member]-新兴市场 [member]-最低资本,,,,,,,,,,,,,,,,,,
end,,,,,,,,,,,,,,,,,,,,,
AbstractTable,ExchangeRateRiskOfProjectsForeignCurrencyDenominatedAssetsLiabilitiesUnhedgedOrIneffectivelyHedgedDetailsAbstract,MR27-汇率风险所涉项目明细表，未套保及套保无效的外汇资产（负债） [abstract],,,,,,,,,,,,,,,,,,,
formula,out,s1,s2,s3,s4,,,,,,,,,,,,,,,,
s1+s2,ExchangeRateRiskForeignCurrencyDenominatedAssetsLiabilitiesUnhedgedOrIneffectivelyHedgedMinimumCapital,HeldByCompanyDirectlyMember-ExchangeRateRiskForeignCurrencyDenominatedAssetsLiabilitiesUnhedgedOrIneffectivelyHedgedMinimumCapital,HeldByLookThroughMethodMember-ExchangeRateRiskForeignCurrencyDenominatedAssetsLiabilitiesUnhedgedOrIneffectivelyHedgedMinimumCapital,,,,,,,,,,,,,,,,,,
,最低资本,公司直接持有 [member]-最低资本,穿透法还原后持有 [member]-最低资本,,,,,,,,,,,,,,,,,,
s1+s2+s3+s4,HeldByCompanyDirectlyMember-ExchangeRateRiskForeignCurrencyDenominatedAssetsLiabilitiesUnhedgedOrIneffectivelyHedgedMinimumCapital,HeldByCompanyDirectlyMember-ForeignCurrencyItemsDenominatedInUsdAndCurrenciesDirectlyLinkedToUsdMember-ExchangeRateRiskForeignCurrencyDenominatedAssetsLiabilitiesUnhedgedOrIneffectivelyHedgedMinimumCapital,HeldByCompanyDirectlyMember-ForeignCurrencyItemsDenominatedInEurMember-ExchangeRateRiskForeignCurrencyDenominatedAssetsLiabilitiesUnhedgedOrIneffectivelyHedgedMinimumCapital,HeldByCompanyDirectlyMember-ForeignCurrencyItemsDenominatedInGbpMember-ExchangeRateRiskForeignCurrencyDenominatedAssetsLiabilitiesUnhedgedOrIneffectivelyHedgedMinimumCapital,HeldByCompanyDirectlyMember-ForeignCurrencyItemsDenominatedInOtherForeignCurrenciesMember-ExchangeRateRiskForeignCurrencyDenominatedAssetsLiabilitiesUnhedgedOrIneffectivelyHedgedMinimumCapital,,,,,,,,,,,,,,,,
,公司直接持有 [member]-最低资本,公司直接持有 [member]-以美元和汇率跟美元挂钩的货币计价的外币项目 [member]-最低资本,公司直接持有 [member]-以欧元计价的外币项目 [member]-最低资本,公司直接持有 [member]-以英镑计价的外币项目 [member]-最低资本,公司直接持有 [member]-以其他货币计价的外币项目 [member]-最低资本,,,,,,,,,,,,,,,,
s1+s2+s3+s4,HeldByLookThroughMethodMember-ExchangeRateRiskForeignCurrencyDenominatedAssetsLiabilitiesUnhedgedOrIneffectivelyHedgedMinimumCapital,HeldByLookThroughMethodMember-ForeignCurrencyItemsDenominatedInUsdAndCurrenciesDirectlyLinkedToUsdMember-ExchangeRateRiskForeignCurrencyDenominatedAssetsLiabilitiesUnhedgedOrIneffectivelyHedgedMinimumCapital,HeldByLookThroughMethodMember-ForeignCurrencyItemsDenominatedInEurMember-ExchangeRateRiskForeignCurrencyDenominatedAssetsLiabilitiesUnhedgedOrIneffectivelyHedgedMinimumCapital,HeldByLookThroughMethodMember-ForeignCurrencyItemsDenominatedInGbpMember-ExchangeRateRiskForeignCurrencyDenominatedAssetsLiabilitiesUnhedgedOrIneffectivelyHedgedMinimumCapital,HeldByLookThroughMethodMember-ForeignCurrencyItemsDenominatedInOtherForeignCurrenciesMember-ExchangeRateRiskForeignCurrencyDenominatedAssetsLiabilitiesUnhedgedOrIneffectivelyHedgedMinimumCapital,,,,,,,,,,,,,,,,
,穿透法还原后持有 [member]-最低资本,穿透法还原后持有 [member]-以美元和汇率跟美元挂钩的货币计价的外币项目 [member]-最低资本,穿透法还原后持有 [member]-以欧元计价的外币项目 [member]-最低资本,穿透法还原后持有 [member]-以英镑计价的外币项目 [member]-最低资本,穿透法还原后持有 [member]-以其他货币计价的外币项目 [member]-最低资本,,,,,,,,,,,,,,,,
end,,,,,,,,,,,,,,,,,,,,,
AbstractTable,ExchangeRateRiskOfProjectsForeignCurrencyDenominatedAssetsLiabilitiesEffectivelyHedgedDetailsAbstract,MR28-汇率风险所涉项目明细表，有效套保外汇资产（负债） [abstract],,,,,,,,,,,,,,,,,,,
formula,out,s1,s2,s3,s4,,,,,,,,,,,,,,,,
s1+s2+s3+s4,ExchangeRateRiskForeignCurrencyDenominatedAssetsLiabilitiesHighlyEffectivelyHedgedMinimumCapitalOfHedgingPortfolio,ForeignCurrencyItemsDenominatedInUsdAndCurrenciesDirectlyLinkedToUsdMember-ExchangeRateRiskForeignCurrencyDenominatedAssetsLiabilitiesHighlyEffectivelyHedgedMinimumCapitalOfHedgingPortfolio,ForeignCurrencyItemsDenominatedInEurMember-ExchangeRateRiskForeignCurrencyDenominatedAssetsLiabilitiesHighlyEffectivelyHedgedMinimumCapitalOfHedgingPortfolio,ForeignCurrencyItemsDenominatedInGbpMember-ExchangeRateRiskForeignCurrencyDenominatedAssetsLiabilitiesHighlyEffectivelyHedgedMinimumCapitalOfHedgingPortfolio,ForeignCurrencyItemsDenominatedInOtherForeignCurrenciesMember-ExchangeRateRiskForeignCurrencyDenominatedAssetsLiabilitiesHighlyEffectivelyHedgedMinimumCapitalOfHedgingPortfolio,,,,,,,,,,,,,,,,
,最低资本,以美元和汇率跟美元挂钩的货币计价的外币项目 [member]-最低资本,以欧元计价的外币项目 [member]-最低资本,以英镑计价的外币项目 [member]-最低资本,以其他货币计价的外币项目 [member]-最低资本,,,,,,,,,,,,,,,,
end,,,,,,,,,,,,,,,,,,,,,
AbstractTable,ExchangeRateRiskOfProjectsForeignExchangeForwardAssetsLiabilitiesIneffectivelyHedgedDetailsAbstract,MR29-汇率风险所涉项目明细表，无效套保外汇远期资产（负债） [abstract],,,,,,,,,,,,,,,,,,,
formula,out,s1,s2,s3,s4,,,,,,,,,,,,,,,,
s1+s2+s3+s4,ExchangeRateRiskForeignExchangeForwardAssetsLiabilitiesIneffectivelyHedgedMinimumCapitalOfForeignExchangeForwardContracts,ForeignCurrencyItemsDenominatedInUsdAndCurrenciesDirectlyLinkedToUsdMember-ExchangeRateRiskForeignExchangeForwardAssetsLiabilitiesIneffectivelyHedgedMinimumCapitalOfForeignExchangeForwardContracts,ForeignCurrencyItemsDenominatedInEurMember-ExchangeRateRiskForeignExchangeForwardAssetsLiabilitiesIneffectivelyHedgedMinimumCapitalOfForeignExchangeForwardContracts,ForeignCurrencyItemsDenominatedInGbpMember-ExchangeRateRiskForeignExchangeForwardAssetsLiabilitiesIneffectivelyHedgedMinimumCapitalOfForeignExchangeForwardContracts,ForeignCurrencyItemsDenominatedInOtherForeignCurrenciesMember-ExchangeRateRiskForeignExchangeForwardAssetsLiabilitiesIneffectivelyHedgedMinimumCapitalOfForeignExchangeForwardContracts,,,,,,,,,,,,,,,,
,最低资本,以美元和汇率跟美元挂钩的货币计价的外币项目 [member]-最低资本,以欧元计价的外币项目 [member]-最低资本,以英镑计价的外币项目 [member]-最低资本,以其他货币计价的外币项目 [member]-最低资本,,,,,,,,,,,,,,,,
end,,,,,,,,,,,,,,,,,,,,,
AbstractTable,SpreadRiskOfAssetsDetailsAbstract,CR01-利差风险所涉资产明细表 [abstract],,,,,,,,,,,,,,,,,,,
formula,out,s1,s2,s3,s4,s5,,,,,,,,,,,,,,,
s1+s2+s3+s4+s5,CreditRiskMinimumCapitalForSpreadRisk,PolicyFinanceBondsMember-CreditRiskMinimumCapitalForSpreadRisk,BondsWhichExcludingPolicyFinanceBondsMember-CreditRiskMinimumCapitalForSpreadRisk,AssetSecuritizationProductsUnderSolvencyIIMember-CreditRiskMinimumCapitalForSpreadRisk,FixedIncomeTrustPlansMember-CreditRiskMinimumCapitalForSpreadRisk,OtherFixedIncomeProductsMember-CreditRiskMinimumCapitalForSpreadRisk,,,,,,,,,,,,,,,
,最低资本,政策性金融债 [member]-最低资本,除政策性金融债外的债券 [member]-最低资本,资产证券化产品 [member]-最低资本,固定收益类信托计划 [member]-最低资本,其他固定收益类产品 [member]-最低资本,,,,,,,,,,,,,,,
end,,,,,,,,,,,,,,,,,,,,,
AbstractTable,CounterpartyDefaultRiskCashAndLiquidityManagementInstrumentsAbstract,CR02-交易对手违约风险，现金及流动性管理工具 [abstract],,,,,,,,,,,,,,,,,,,
formula,out,s1,s2,s3,s4,s5,s6,s7,s8,s9,s10,,,,,,,,,,
s1+s2,CounterpartyDefaultRiskCashAndLiquidityManagementInstrumentsMinimumCapital,DepositsNotInThirdPartyPaymentInstitutionsMember-CounterpartyDefaultRiskCashAndLiquidityManagementInstrumentsMinimumCapital,FundsDueFromThirdPartyPaymentAgenciesMember-CounterpartyDefaultRiskCashAndLiquidityManagementInstrumentsMinimumCapital,,,,,,,,,,,,,,,,,,
,最低资本,未存放在第三方支付机构账户的资金 [member]-最低资本,存放在第三方支付机构账户的资金 [member]-最低资本,,,,,,,,,,,,,,,,,,
s1+s2+s3+s4+s5+s6+s7+s8+s9+s10,DepositsNotInThirdPartyPaymentInstitutionsMember-CounterpartyDefaultRiskCashAndLiquidityManagementInstrumentsMinimumCapital,CashOnHandUnderSolvencyIIMember-CounterpartyDefaultRiskCashAndLiquidityManagementInstrumentsMinimumCapital,DemandDepositsUnderSolvencyIIMember-CounterpartyDefaultRiskCashAndLiquidityManagementInstrumentsMinimumCapital,MoneyMarketFundMember-CounterpartyDefaultRiskCashAndLiquidityManagementInstrumentsMinimumCapital,ShortTimeFinancingBondsMember-CounterpartyDefaultRiskCashAndLiquidityManagementInstrumentsMinimumCapital,SecuritiesPurchasedUnderResaleAgreementsMember-CounterpartyDefaultRiskCashAndLiquidityManagementInstrumentsMinimumCapital,CentralBankBillsMember-CounterpartyDefaultRiskCashAndLiquidityManagementInstrumentsMinimumCapital,CommercialBankNotesMember-CounterpartyDefaultRiskCashAndLiquidityManagementInstrumentsMinimumCapital,NegotiableCertificatesOfDepositsMember-CounterpartyDefaultRiskCashAndLiquidityManagementInstrumentsMinimumCapital,ShortTermLendingMember-CounterpartyDefaultRiskCashAndLiquidityManagementInstrumentsMinimumCapital,ClearingReserveFundInChinaSecuritiesDepositoryAndClearingCorporationAndChinaCentralDepositoryAndClearingCoLtdMember-CounterpartyDefaultRiskCashAndLiquidityManagementInstrumentsMinimumCapital,,,,,,,,,,
,未存放在第三方支付机构账户的资金 [member]-最低资本,库存现金 [member]-最低资本,活期存款 [member]-最低资本,货币市场基金 [member]-最低资本,短期融资券 [member]-最低资本,买入返售证券 [member]-最低资本,央行票据 [member]-最低资本,商业银行票据 [member]-最低资本,大额可转让存单 [member]-最低资本,拆出资金 [member]-最低资本,存放在中国证券登记结算公司和中央国债登记结算公司的清备付金 [member]-最低资本,,,,,,,,,,
end,,,,,,,,,,,,,,,,,,,,,
AbstractTable,CounterpartyDefaultRiskBankDepositsAbstract,CR03-交易对手违约风险，银行存款 [abstract],,,,,,,,,,,,,,,,,,,
formula,out,s1,s2,s3,s4,,,,,,,,,,,,,,,,
s1+s2,CounterpartyDefaultRiskBankDepositsMinimumCapital,TermDepositsAndNegotiatedDepositsMember-CounterpartyDefaultRiskBankDepositsMinimumCapital,StructuredDepositsMember-CounterpartyDefaultRiskBankDepositsMinimumCapital,,,,,,,,,,,,,,,,,,
,最低资本,定期存款、协议存款 [member]-最低资本,结构性存款 [member]-最低资本,,,,,,,,,,,,,,,,,,
s1+s2+s3,TermDepositsAndNegotiatedDepositsMember-CounterpartyDefaultRiskBankDepositsMinimumCapital,CommercialBankWithCapitalAdequacyRatiosAtAllTiersEntirelyMeetingRegulatoryRequirementsTermDepositsAndNegotiatedDepositsMember-CounterpartyDefaultRiskBankDepositsMinimumCapital,CommercialBankWithCapitalAdequacyRatiosAtAllTiersNotEntirelyMeetingRegulatoryRequirementsTermDepositsAndNegotiatedDepositsMember-CounterpartyDefaultRiskBankDepositsMinimumCapital,OtherDepositTakingInstitutionsTermDepositsAndNegotiatedDepositsMember-CounterpartyDefaultRiskBankDepositsMinimumCapital,,,,,,,,,,,,,,,,,
,定期存款、协议存款 [member]-最低资本,各级资本充足率全部达到监管要求 [member]-最低资本,各级资本充足率未全部达到监管要求 [member]-最低资本,其他存款机构 [member]-最低资本,,,,,,,,,,,,,,,,,
s1+s2+s3+s4,CommercialBankWithCapitalAdequacyRatiosAtAllTiersEntirelyMeetingRegulatoryRequirementsTermDepositsAndNegotiatedDepositsMember-CounterpartyDefaultRiskBankDepositsMinimumCapital,StateOwnedCommercialBankWithCapitalAdequacyRatiosAtAllTiersEntirelyMeetingRegulatoryRequirementsTermDepositsAndNegotiatedDepositsMember-CounterpartyDefaultRiskBankDepositsMinimumCapital,JointStockCommercialBankPostSavingsBankWithCapitalAdequacyRatiosAtAllTiersEntirelyMeetingRegulatoryRequirementsTermDepositsAndNegotiatedDepositsMember-CounterpartyDefaultRiskBankDepositsMinimumCapital,CityCommercialBankAndForeignCommercialBankWithInternationalCreditRatingOfAAndAboveWithCapitalAdequacyRatiosAtAllTiersEntirelyMeetingRegulatoryRequirementsTermDepositsAndNegotiatedDepositsMember-CounterpartyDefaultRiskBankDepositsMinimumCapital,OtherDomesticCommercialBankAndOverseasBankWithCapitalAdequacyRatiosAtAllTiersEntirelyMeetingRegulatoryRequirementsTermDepositsAndNegotiatedDepositsMember-CounterpartyDefaultRiskBankDepositsMinimumCapital,,,,,,,,,,,,,,,,
,各级资本充足率全部达到监管要求 [member]-最低资本,国有商业银行 [member]-最低资本,股份制商业银行、邮政储蓄银行 [member]-最低资本,城市商业银行、国际信用评级在A级以上的外资商业银行 [member]-最低资本,其他境内商业银行和境外银行 [member]-最低资本,,,,,,,,,,,,,,,,
s1+s2,StructuredDepositsMember-CounterpartyDefaultRiskBankDepositsMinimumCapital,StructuredDepositsWithGuaranteedPrincipalsByBanksInCaseOfEarlyWithdrawalMember-CounterpartyDefaultRiskBankDepositsMinimumCapital,StructuredDepositsWithoutGuaranteedPrincipalsByBanksInCaseOfEarlyWithdrawalMember-CounterpartyDefaultRiskBankDepositsMinimumCapital,,,,,,,,,,,,,,,,,,
,结构性存款 [member]-最低资本,提前支取银行保证本金 [member]-最低资本,提前支取银行不保证本金 [member]-最低资本,,,,,,,,,,,,,,,,,,
s1+s2,StructuredDepositsWithGuaranteedPrincipalsByBanksInCaseOfEarlyWithdrawalMember-CounterpartyDefaultRiskBankDepositsMinimumCapital,CommercialBankWithCapitalAdequacyRatiosAtAllTiersEntirelyMeetingRegulatoryRequirementsStructuredDepositsWithGuaranteedPrincipalsByBanksInCaseOfEarlyWithdrawalMember-CounterpartyDefaultRiskBankDepositsMinimumCapital,CommercialBankWithCapitalAdequacyRatiosAtAllTiersNotEntirelyMeetingRegulatoryRequirementsStructuredDepositsWithGuaranteedPrincipalsByBanksInCaseOfEarlyWithdrawalMember-CounterpartyDefaultRiskBankDepositsMinimumCapital,,,,,,,,,,,,,,,,,,
,提前支取银行保证本金 [member]-最低资本,各级资本充足率全部达到监管要求 [member]-最低资本,各级资本充足率未全部达到监管要求 [member]-最低资本,,,,,,,,,,,,,,,,,,
s1+s2+s3+s4,CommercialBankWithCapitalAdequacyRatiosAtAllTiersEntirelyMeetingRegulatoryRequirementsStructuredDepositsWithGuaranteedPrincipalsByBanksInCaseOfEarlyWithdrawalMember-CounterpartyDefaultRiskBankDepositsMinimumCapital,StateOwnedCommercialBankWithCapitalAdequacyRatiosAtAllTiersEntirelyMeetingRegulatoryRequirementsStructuredDepositsWithGuaranteedPrincipalsByBanksInCaseOfEarlyWithdrawalMember-CounterpartyDefaultRiskBankDepositsMinimumCapital,JointStockCommercialBankPostSavingsBankWithCapitalAdequacyRatiosAtAllTiersEntirelyMeetingRegulatoryRequirementsStructuredDepositsWithGuaranteedPrincipalsByBanksInCaseOfEarlyWithdrawalMember-CounterpartyDefaultRiskBankDepositsMinimumCapital,CityCommercialBankAndForeignCommercialBankWithInternationalCreditRatingOfAAndAboveWithCapitalAdequacyRatiosAtAllTiersEntirelyMeetingRegulatoryRequirementsStructuredDepositsWithGuaranteedPrincipalsByBanksInCaseOfEarlyWithdrawalMember-CounterpartyDefaultRiskBankDepositsMinimumCapital,OtherDomesticCommercialBankAndOverseasBankWithCapitalAdequacyRatiosAtAllTiersEntirelyMeetingRegulatoryRequirementsStructuredDepositsWithGuaranteedPrincipalsByBanksInCaseOfEarlyWithdrawalMember-CounterpartyDefaultRiskBankDepositsMinimumCapital,,,,,,,,,,,,,,,,
,各级资本充足率全部达到监管要求 [member]-最低资本,国有商业银行 [member]-最低资本,股份制商业银行、邮政储蓄银行 [member]-最低资本,城市商业银行、国际信用评级在A级以上的外资商业银行 [member]-最低资本,其他境内商业银行和境外银行 [member]-最低资本,,,,,,,,,,,,,,,,
end,,,,,,,,,,,,,,,,,,,,,
AbstractTable,CounterpartyDefaultRiskFinancialBondsAbstract,CR04-交易对手违约风险，金融债 [abstract],,,,,,,,,,,,,,,,,,,
formula,out,s1,s2,s3,s4,s5,,,,,,,,,,,,,,,
s1+s2,CounterpartyDefaultRiskFinancialBondsMinimumCapital,FinancialBondsExcludingCapitalInstrumentsSuchAsSubordinatedBondsAndHybridBondsMember-CounterpartyDefaultRiskFinancialBondsMinimumCapital,CapitalInstrumentsSuchAsSubordinatedBondsAndHybridBondsIssuedByBankAndOtherInsuranceCompanyMember-CounterpartyDefaultRiskFinancialBondsMinimumCapital,,,,,,,,,,,,,,,,,,
,最低资本,金融债（不包含次级债、混合资本债等资本工具） [member]-最低资本,银行和其他保险公司发行的次级债、混合资本债等资本工具 [member]-最低资本,,,,,,,,,,,,,,,,,,
s1+s2+s3,FinancialBondsExcludingCapitalInstrumentsSuchAsSubordinatedBondsAndHybridBondsMember-CounterpartyDefaultRiskFinancialBondsMinimumCapital,IssuerWithCapitalAdequacyRatiosAtAllTiersEntirelyMeetingRegulatoryRequirementsFinancialBondExcludingCapitalInstrumentsSuchAsSubordinatedBondsAndHybridBondsMember-CounterpartyDefaultRiskFinancialBondsMinimumCapital,FinancialBondsWithCreditRatingOfAaAndAboveIssuedByOtherNonBankingFinancialInstitutionsFinancialBondExcludingCapitalInstrumentsSuchAsSubordinatedDebtAndHybridBondsMember-CounterpartyDefaultRiskFinancialBondsMinimumCapital,FinancialBondsIssuedByNonStateOwnedCommercialBankWithCapitalAdequacyRatiosNotEntirelyMeetingRegulatoryRequirementsOrFinancialBondsIssuedByInsuranceCompanyWithSolvencyRatiosAtAllTiersNotEntirelyMeetingRegulatoryRequirementsOrFinancialBondsIssuedByOtherNonBankingFinancialInstitutionsWithCreditRatingOfAaBelowExcludingCapitalInstrumentsSuchAsSubordinatedDebtAndHybridBondsMember-CounterpartyDefaultRiskFinancialBondsMinimumCapital,,,,,,,,,,,,,,,,,
,金融债（不包含次级债、混合资本债等资本工具） [member]-最低资本,发行方为各级资本充足率或偿付能力充足率全部达到监管要求的 [member]-最低资本,其他非银行金融机构发行的信用评级在AA级以上（含AA级）的 [member]-最低资本,发行方为各级资本充足率未全部达到监管要求的非国有商业银行、各级偿付能力充足率未全部达到监管要求的保险公司，或者其他非银行金融机构发行的信用评级在AA级以下的 [member]-最低资本,,,,,,,,,,,,,,,,,
s1+s2+s3+s4,IssuerWithCapitalAdequacyRatiosAtAllTiersEntirelyMeetingRegulatoryRequirementsFinancialBondExcludingCapitalInstrumentsSuchAsSubordinatedBondsAndHybridBondsMember-CounterpartyDefaultRiskFinancialBondsMinimumCapital,PolicyBankStateOwnedCommercialBankWithCapitalAdequacyRatiosAtAllTiersEntirelyMeetingRegulatoryRequirementsFinancialBondExcludingCapitalInstrumentsSuchAsSubordinatedDebtAndHybridBondsMember-CounterpartyDefaultRiskFinancialBondsMinimumCapital,JointStockCommercialBankPostalSavingsBankInsuranceCompanyWithCapitalAdequacyRatiosAtAllTiersEntirelyMeetingRegulatoryRequirementsFinancialBondsExcludingCapitalInstrumentsSuchAsSubordinatedDebtAndHybridBondsMember-CounterpartyDefaultRiskFinancialBondsMinimumCapital,CityCommercialBankWithCapitalAdequacyRatiosAtAllTiersEntirelyMeetingRegulatoryRequirementsFinancialBondsExcludingCapitalInstrumentsSuchAsSubordinatedDebtAndHybridBondsMember-CounterpartyDefaultRiskFinancialBondsMinimumCapital,OtherCommercialBankWithCapitalAdequacyRatiosAtAllTiersEntirelyMeetingRegulatoryRequirementsFinancialBondsExcludingCapitalInstrumentsSuchAsSubordinatedDebtAndHybridBondsMember-CounterpartyDefaultRiskFinancialBondsMinimumCapital,,,,,,,,,,,,,,,,
,发行方为各级资本充足率或偿付能力充足率全部达到监管要求的 [member]-最低资本,政策性银行、国有商业银行 [member]-最低资本,股份制商业银行、邮政储蓄银行、保险公司 [member]-最低资本,城市商业银行 [member]-最低资本,其他商业银行 [member]-最低资本,,,,,,,,,,,,,,,,
s1+s2+s3+s4+s5,CapitalInstrumentsSuchAsSubordinatedBondsAndHybridBondsIssuedByBankAndOtherInsuranceCompanyMember-CounterpartyDefaultRiskFinancialBondsMinimumCapital,AdditionalTierOneCapitalInstrumentsSuchAsSubordinatedBondsAndHybridBondsIssuedByBankMember-CounterpartyDefaultRiskFinancialBondsMinimumCapital,TierTwoCapitalInstrumentsSuchAsSubordinatedBondsAndHybridBondsIssuedByBankMember-CounterpartyDefaultRiskFinancialBondsMinimumCapital,CoreTierTwoCapitalInstrumentsSuchAsSubordinatedBondsAndHybridBondsIssuedByInsuranceCompanyMember-CounterpartyDefaultRiskFinancialBondsMinimumCapital,SupplementaryCapitalInstrumentsSuchAsSubordinatedBondsAndHybridBondsIssuedByInsuranceCompanyMember-CounterpartyDefaultRiskFinancialBondsMinimumCapital,CapitalInstrumentsSuchAsSubordinatedBondsAndHybridBondsWithoutDisposalOrConvertibleTermsIssuedByBankAndOtherInsuranceCompanyMember-CounterpartyDefaultRiskFinancialBondsMinimumCapital,,,,,,,,,,,,,,,
,银行和其他保险公司发行的次级债、混合资本债等资本工具 [member]-最低资本,银行发行的其他一级资本工具 [member]-最低资本,银行发行的二级资本工具 [member]-最低资本,保险公司发行的核心二级资本工具 [member]-最低资本,保险公司发行的附属资本工具 [member]-最低资本,不附减记或转股条款的次级债券、混合资本债等资本工具 [member]-最低资本,,,,,,,,,,,,,,,
s1+s2,AdditionalTierOneCapitalInstrumentsSuchAsSubordinatedBondsAndHybridBondsIssuedByBankMember-CounterpartyDefaultRiskFinancialBondsMinimumCapital,AdditionalTierOneCapitalInstrumentsSuchAsSubordinatedBondsAndHybridBondsIssuedByBankWithCapitalAdequacyRatiosAtAllTiersEntirelyMeetingRegulatoryRequirementsMember-CounterpartyDefaultRiskFinancialBondsMinimumCapital,AdditionalTierOneCapitalInstrumentsSuchAsSubordinatedBondsAndHybridBondsIssuedByBankWithCapitalAdequacyRatiosAtAllTiersNotEntirelyMeetingRegulatoryRequirementsMember-CounterpartyDefaultRiskFinancialBondsMinimumCapital,,,,,,,,,,,,,,,,,,
,银行发行的其他一级资本工具 [member]-最低资本,发行方为各级资本充足率全部达到监管要求的 [member]-最低资本,各级资本充足率未全部达到监管要求 [member]-最低资本,,,,,,,,,,,,,,,,,,
s1+s2+s3+s4,AdditionalTierOneCapitalInstrumentsSuchAsSubordinatedBondsAndHybridBondsIssuedByBankWithCapitalAdequacyRatiosAtAllTiersEntirelyMeetingRegulatoryRequirementsMember-CounterpartyDefaultRiskFinancialBondsMinimumCapital,AdditionalTierOneCapitalInstrumentsSuchAsSubordinatedBondsAndHybridBondsIssuedByPolicyBankStateOwnedCommercialBankWithCapitalAdequacyRatiosAtAllTiersEntirelyMeetingRegulatoryRequirementsMember-CounterpartyDefaultRiskFinancialBondsMinimumCapital,AdditionalTierOneCapitalInstrumentsSuchAsSubordinatedBondsAndHybridBondsIssuedByJointStockCommercialBankPostalSavingsBankWithCapitalAdequacyRatiosAtAllTiersEntirelyMeetingRegulatoryRequirementsMember-CounterpartyDefaultRiskFinancialBondsMinimumCapital,AdditionalTierOneCapitalInstrumentsSuchAsSubordinatedBondsAndHybridBondsIssuedByCityCommercialBankWithCapitalAdequacyRatiosAtAllTiersEntirelyMeetingRegulatoryRequirementsMember-CounterpartyDefaultRiskFinancialBondsMinimumCapital,AdditionalTierOneCapitalInstrumentsSuchAsSubordinatedBondsAndHybridBondsIssuedByOtherCommercialBankWithCapitalAdequacyRatiosAtAllTiersEntirelyMeetingRegulatoryRequirementsMember-CounterpartyDefaultRiskFinancialBondsMinimumCapital,,,,,,,,,,,,,,,,
,发行方为各级资本充足率全部达到监管要求的 [member]-最低资本,政策性银行、国有商业银行 [member]-最低资本,股份制商业银行、邮政储蓄银行 [member]-最低资本,城市商业银行 [member]-最低资本,其他商业银行 [member]-最低资本,,,,,,,,,,,,,,,,
s1+s2,TierTwoCapitalInstrumentsSuchAsSubordinatedBondsAndHybridBondsIssuedByBankMember-CounterpartyDefaultRiskFinancialBondsMinimumCapital,TierTwoCapitalInstrumentsSuchAsSubordinatedBondsAndHybridBondsIssuedByBankWithCapitalAdequacyRatiosAtAllTiersEntirelyMeetingRegulatoryRequirementsMember-CounterpartyDefaultRiskFinancialBondsMinimumCapital,TierTwoCapitalInstrumentsSuchAsSubordinatedBondsAndHybridBondsIssuedByBankWithCapitalAdequacyRatiosAtAllTiersNotEntirelyMeetingRegulatoryRequirementsMember-CounterpartyDefaultRiskFinancialBondsMinimumCapital,,,,,,,,,,,,,,,,,,
,银行发行的二级资本工具 [member]-最低资本,发行方为各级资本充足率全部达到监管要求的 [member]-最低资本,各级资本充足率未全部达到监管要求 [member]-最低资本,,,,,,,,,,,,,,,,,,
s1+s2+s3+s4,TierTwoCapitalInstrumentsSuchAsSubordinatedBondsAndHybridBondsIssuedByBankWithCapitalAdequacyRatiosAtAllTiersEntirelyMeetingRegulatoryRequirementsMember-CounterpartyDefaultRiskFinancialBondsMinimumCapital,TierTwoCapitalInstrumentsSuchAsSubordinatedBondsAndHybridBondsIssuedByPolicyBankStateOwnedCommercialBankWithCapitalAdequacyRatiosAtAllTiersEntirelyMeetingRegulatoryRequirementsMember-CounterpartyDefaultRiskFinancialBondsMinimumCapital,TierTwoCapitalInstrumentsSuchAsSubordinatedBondsAndHybridBondsIssuedByJointStockCommercialBankPostalSavingsBankWithCapitalAdequacyRatiosAtAllTiersEntirelyMeetingRegulatoryRequirementsMember-CounterpartyDefaultRiskFinancialBondsMinimumCapital,TierTwoCapitalInstrumentsSuchAsSubordinatedBondsAndHybridBondsIssuedByCityCommercialBankWithCapitalAdequacyRatiosAtAllTiersEntirelyMeetingRegulatoryRequirementsMember-CounterpartyDefaultRiskFinancialBondsMinimumCapital,TierTwoCapitalInstrumentsSuchAsSubordinatedBondsAndHybridBondsIssuedByOtherCommercialBankWithCapitalAdequacyRatiosAtAllTiersEntirelyMeetingRegulatoryRequirementsMember-CounterpartyDefaultRiskFinancialBondsMinimumCapital,,,,,,,,,,,,,,,,
,发行方为各级资本充足率全部达到监管要求的 [member]-最低资本,政策性银行、国有商业银行 [member]-最低资本,股份制商业银行、邮政储蓄银行 [member]-最低资本,城市商业银行 [member]-最低资本,其他商业银行 [member]-最低资本,,,,,,,,,,,,,,,,
s1+s2,CoreTierTwoCapitalInstrumentsSuchAsSubordinatedBondsAndHybridBondsIssuedByInsuranceCompanyMember-CounterpartyDefaultRiskFinancialBondsMinimumCapital,CoreTierTwoCapitalInstrumentsSuchAsSubordinatedBondsAndHybridBondsIssuedByInsuranceCompanyWithSolvencyAdequacyRatiosAtAllTiersEntirelyMeetingRegulatoryRequirementsMember-CounterpartyDefaultRiskFinancialBondsMinimumCapital,CoreTierTwoCapitalInstrumentsSuchAsSubordinatedBondsAndHybridBondsIssuedByInsuranceCompanyWithSolvencyAdequacyRatiosAtAllTiersNotEntirelyMeetingRegulatoryRequirementsMember-CounterpartyDefaultRiskFinancialBondsMinimumCapital,,,,,,,,,,,,,,,,,,
,保险公司发行的核心二级资本工具 [member]-最低资本,各级偿付能力充足率全部达到监管要求的 [member]-最低资本,各级偿付能力充足率未全部达到监管要求的 [member]-最低资本,,,,,,,,,,,,,,,,,,
s1+s2,SupplementaryCapitalInstrumentsSuchAsSubordinatedBondsAndHybridBondsIssuedByInsuranceCompanyMember-CounterpartyDefaultRiskFinancialBondsMinimumCapital,SupplementaryCapitalInstrumentsSuchAsSubordinatedBondsAndHybridBondsIssuedByInsuranceCompanyWithSolvencyAdequacyRatiosAtAllTiersEntirelyMeetingRegulatoryRequirementsMember-CounterpartyDefaultRiskFinancialBondsMinimumCapital,SupplementaryCapitalInstrumentsSuchAsSubordinatedBondsAndHybridBondsIssuedByInsuranceCompanyWithSolvencyAdequacyRatiosAtAllTiersNotEntirelyMeetingRegulatoryRequirementsMember-CounterpartyDefaultRiskFinancialBondsMinimumCapital,,,,,,,,,,,,,,,,,,
,保险公司发行的附属资本工具 [member]-最低资本,各级偿付能力充足率全部达到监管要求的 [member]-最低资本,各级偿付能力充足率未全部达到监管要求的 [member]-最低资本,,,,,,,,,,,,,,,,,,
s1+s2,CapitalInstrumentsSuchAsSubordinatedBondsAndHybridBondsWithoutDisposalOrConvertibleTermsIssuedByBankAndOtherInsuranceCompanyMember-CounterpartyDefaultRiskFinancialBondsMinimumCapital,CapitalInstrumentsSuchAsSubordinatedBondsAndHybridBondsWithoutDisposalOrConvertibleTermsIssuedByBankAndOtherInsuranceCompanyWithCapitalSolvencyAdequacyRatiosAtAllTiersEntirelyMeetingRegulatoryRequirementsMember-CounterpartyDefaultRiskFinancialBondsMinimumCapital,CapitalInstrumentsSuchAsSubordinatedBondsAndHybridBondsWithoutDisposalOrConvertibleTermsIssuedByBankAndOtherInsuranceCompanyWithCapitalSolvencyAdequacyRatiosAtAllTiersNotEntirelyMeetingRegulatoryRequirementsMember-CounterpartyDefaultRiskFinancialBondsMinimumCapital,,,,,,,,,,,,,,,,,,
,不附减记或转股条款的次级债券、混合资本债等资本工具 [member]-最低资本,各级资本充足率（偿付能力）全部达到监管要求的银行（保险公司） [member]-最低资本,各级资本充足率（偿付能力）未全部达到监管要求的银行（保险公司） [member]-最低资本,,,,,,,,,,,,,,,,,,
end,,,,,,,,,,,,,,,,,,,,,
AbstractTable,CounterpartyDefaultRiskWealthManagementProductsOfCommercialBankAbstract,CR07-交易对手违约风险，商业银行理财产品 [abstract],,,,,,,,,,,,,,,,,,,
formula,out,s1,s2,s3,s4,,,,,,,,,,,,,,,,
s1+s2,CounterpartyDefaultRiskWealthManagementProductsOfCommercialBankMinimumCapital,CapitalAdequacyRatiosAtAllTiersEntirelyMeetingRegulatoryRequirementsWealthManagementProductsOfCommercialBankMember-CounterpartyDefaultRiskWealthManagementProductsOfCommercialBankMinimumCapital,CapitalAdequacyRatiosAtAllTiersNotEntirelyMeetingRegulatoryRequirementsWealthManagementProductsOfCommercialBankMember-CounterpartyDefaultRiskWealthManagementProductsOfCommercialBankMinimumCapital,,,,,,,,,,,,,,,,,,
,最低资本,各级资本充足率全部达到监管要求 [member]-最低资本,各级资本充足率未全部达到监管要求 [member]-最低资本,,,,,,,,,,,,,,,,,,
s1+s2+s3+s4,CapitalAdequacyRatiosAtAllTiersEntirelyMeetingRegulatoryRequirementsWealthManagementProductsOfCommercialBankMember-CounterpartyDefaultRiskWealthManagementProductsOfCommercialBankMinimumCapital,StateOwnedCommercialBankWithCapitalAdequacyRatiosAtAllTiersEntirelyMeetingRegulatoryRequirementsWealthManagementProductsOfCommercialBankMember-CounterpartyDefaultRiskWealthManagementProductsOfCommercialBankMinimumCapital,JointStockCommercialBankPostSavingsBankWithCapitalAdequacyRatiosAtAllTiersEntirelyMeetingRegulatoryRequirementsWealthManagementProductsOfCommercialBankMember-CounterpartyDefaultRiskWealthManagementProductsOfCommercialBankMinimumCapital,CityCommercialBankWithCapitalAdequacyRatiosAtAllTiersEntirelyMeetingRegulatoryRequirementsWealthManagementProductsOfCommercialBankMember-CounterpartyDefaultRiskWealthManagementProductsOfCommercialBankMinimumCapital,OtherCommercialBankWithCapitalAdequacyRatiosAtAllTiersEntirelyMeetingRegulatoryRequirementsWealthManagementProductsOfCommercialBankMember-CounterpartyDefaultRiskWealthManagementProductsOfCommercialBankMinimumCapital,,,,,,,,,,,,,,,,
,各级资本充足率全部达到监管要求 [member]-最低资本,国有商业银行 [member]-最低资本,股份制商业银行、邮政储蓄银行 [member]-最低资本,城市商业银行 [member]-最低资本,其他商业银行 [member]-最低资本,,,,,,,,,,,,,,,,
end,,,,,,,,,,,,,,,,,,,,,
AbstractTable,CounterpartyDefaultRiskTrustPlansAbstract,CR08-交易对手违约风险，可穿透的信托计划 [abstract],,,,,,,,,,,,,,,,,,,
formula,out,s1,s2,,,,,,,,,,,,,,,,,,
s1+s2,CounterpartyDefaultRiskTrustPlansMinimumCapital,AbleToBeLookedThroughMember-CounterpartyDefaultRiskTrustPlansMinimumCapital,UnableToBeLookedThroughMember-CounterpartyDefaultRiskTrustPlansMinimumCapital,,,,,,,,,,,,,,,,,,
,最低资本,可穿透 [member]-最低资本,无法穿透 [member]-最低资本,,,,,,,,,,,,,,,,,,
end,,,,,,,,,,,,,,,,,,,,,
AbstractTable,CounterpartyDefaultRiskInfrastructureDebtInvestmentPlansAbstract,CR11-交易对手违约风险，基础设施债权投资计划 [abstract],,,,,,,,,,,,,,,,,,,
formula,out,s1,s2,,,,,,,,,,,,,,,,,,
s1+s2,CounterpartyDefaultRiskInfrastructureDebtInvestmentPlansMinimumCapital,InfrastructureDebtInvestmentPlansMember-CounterpartyDefaultRiskInfrastructureDebtInvestmentPlansMinimumCapital,InfrastructureEquityInvestmentPlansWithGuaranteeClausesMember-CounterpartyDefaultRiskInfrastructureDebtInvestmentPlansMinimumCapital,,,,,,,,,,,,,,,,,,
,最低资本,基础设施债权投资计划 [member]-最低资本,带有保证条款的基础设施股权投资计划 [member]-最低资本,,,,,,,,,,,,,,,,,,
end,,,,,,,,,,,,,,,,,,,,,
AbstractTable,CounterpartyDefaultRiskForwardForeignExchangeContractsAndInterestRateSwapsForPurposeOfHedgingAbstract,CR14-交易对手违约风险，套期保值外汇远期和利率互换 [abstract],,,,,,,,,,,,,,,,,,,
formula,out,s1,s2,,,,,,,,,,,,,,,,,,
s1+s2,CounterpartyDefaultRiskForwardForeignExchangeContractsAndInterestRateSwapsForPurposeOfHedgingMinimumCapital,ForwardForeignExchangeContractsMember-CounterpartyDefaultRiskForwardForeignExchangeContractsAndInterestRateSwapsForPurposeOfHedgingMinimumCapital,InterestRateSwapsMember-CounterpartyDefaultRiskForwardForeignExchangeContractsAndInterestRateSwapsForPurposeOfHedgingMinimumCapital,,,,,,,,,,,,,,,,,,
,最低资本,外汇远期 [member]-最低资本,利率互换 [member]-最低资本,,,,,,,,,,,,,,,,,,
end,,,,,,,,,,,,,,,,,,,,,
AbstractTable,CounterpartyDefaultRiskOfPropertyAndCasualtyInsuranceCompanyAndLifeInsuranceCompanyOutwardReinsuranceAssetsAbstract,CR15-财险和人身险公司交易对手违约风险，分出业务再保险资产 [abstract],,,,,,,,,,,,,,,,,,,
formula,out,s1,s2,,,,,,,,,,,,,,,,,,
s1+s2,CounterpartyDefaultRiskOutwardReinsuranceAssetsMinimumCapital,DomesticInwardReinsurerMember-CounterpartyDefaultRiskOutwardReinsuranceAssetsMinimumCapital,OverseasInwardReinsurerMember-CounterpartyDefaultRiskOutwardReinsuranceAssetsMinimumCapital,,,,,,,,,,,,,,,,,,
,最低资本,境内再保分入人 [member]-最低资本,境外再保分入人 [member]-最低资本,,,,,,,,,,,,,,,,,,
s1+s2,OverseasInwardReinsurerMember-CounterpartyDefaultRiskOutwardReinsuranceAssetsMinimumCapital,OverseasInwardReinsurerSolvencyAdequacyRatiosAtAllTiersEntirelyMeetingRegulatoryRequirementsMember-CounterpartyDefaultRiskOutwardReinsuranceAssetsMinimumCapital,OverseasInwardReinsurerSolvencyAdequacyRatiosAtAllTiersNotEntirelyMeetingRegulatoryRequirementsMember-CounterpartyDefaultRiskOutwardReinsuranceAssetsMinimumCapital,,,,,,,,,,,,,,,,,,
,境外再保分入人 [member]-最低资本,各级偿付能力充足率全部达到监管要求 [member]-最低资本,各级偿付能力充足率未全部达到监管要求 [member]-最低资本,,,,,,,,,,,,,,,,,,
end,,,,,,,,,,,,,,,,,,,,,
AbstractTable,CounterpartyDefaultRiskOfReinsuranceCompanyOutwardReinsuranceAssetsAbstract,CR16-再保险公司交易对手违约风险，分出业务再保险资产 [abstract],,,,,,,,,,,,,,,,,,,
formula,out,s1,s2,,,,,,,,,,,,,,,,,,
s1+s2,CounterpartyDefaultRiskOutwardReinsuranceAssetsMinimumCapital,DomesticInwardReinsurerMember-CounterpartyDefaultRiskOutwardReinsuranceAssetsMinimumCapital,OverseasInwardReinsurerMember-CounterpartyDefaultRiskOutwardReinsuranceAssetsMinimumCapital,,,,,,,,,,,,,,,,,,
,最低资本,境内再保分入人 [member]-最低资本,境外再保分入人 [member]-最低资本,,,,,,,,,,,,,,,,,,
end,,,,,,,,,,,,,,,,,,,,,
AbstractTable,CounterpartyDefaultRiskPremiumReceivableAbstract,CR18-交易对手违约风险，应收保费 [abstract],,,,,,,,,,,,,,,,,,,
formula,out,s1,s2,s3,s4,,,,,,,,,,,,,,,,
s1+s2+s3,CounterpartyDefaultRiskPremiumReceivableMinimumCapital,AgricultureInsuranceAndMajorIllnessInsuranceForUrbanAndRuralResidentsUnderCooperationWithGovernmentsAtDifferentLevelsWhichAreEntitledToGovernmentalPremiumSubsidiesMember-CounterpartyDefaultRiskPremiumReceivableMinimumCapital,OtherPremiumReceivableBusinessMember-CounterpartyDefaultRiskPremiumReceivableMinimumCapital,ReceivablesAndPrepaymentsInConnectionWithInsuranceBusinessFailingToPassMaterialInsuranceRiskTestMember-CounterpartyDefaultRiskPremiumReceivableMinimumCapital,,,,,,,,,,,,,,,,,
,最低资本,农业保险、与各级政府合作的城乡居民大病保险等享受各级政府保费补贴的业务 [member]-最低资本,其他业务 [member]-最低资本,未通过重大保险风险测试的保险业务所对应的应收及预付款项 [member]-最低资本,,,,,,,,,,,,,,,,,
s1+s2+s3+s4,AgricultureInsuranceAndMajorIllnessInsuranceForUrbanAndRuralResidentsUnderCooperationWithGovernmentsAtDifferentLevelsWhichAreEntitledToGovernmentalPremiumSubsidiesMember-CounterpartyDefaultRiskPremiumReceivableMinimumCapital,AgricultureInsuranceAndMajorIllnessInsuranceForUrbanAndRuralResidentsUnderCooperationWithGovernmentsAtDifferentLevelsWhichAreEntitledToGovernmentalPremiumSubsidiesNoMoreThanNineMonthsMember-CounterpartyDefaultRiskPremiumReceivableMinimumCapital,AgricultureInsuranceAndMajorIllnessInsuranceForUrbanAndRuralResidentsUnderCooperationWithGovernmentsAtDifferentLevelsWhichAreEntitledToGovernmentalPremiumSubsidiesNineMonthsToTwelveMonthsIncludingTwelveMonthsMember-CounterpartyDefaultRiskPremiumReceivableMinimumCapital,AgricultureInsuranceAndMajorIllnessInsuranceForUrbanAndRuralResidentsUnderCooperationWithGovernmentsAtDifferentLevelsWhichAreEntitledToGovernmentalPremiumSubsidiesTwelveMonthsToEighteenMonthsIncludingEighteenMonthsMember-CounterpartyDefaultRiskPremiumReceivableMinimumCapital,AgricultureInsuranceAndMajorIllnessInsuranceForUrbanAndRuralResidentsUnderCooperationWithGovernmentsAtDifferentLevelsWhichAreEntitledToGovernmentalPremiumSubsidiesMoreThanEighteenMonthsMember-CounterpartyDefaultRiskPremiumReceivableMinimumCapital,,,,,,,,,,,,,,,,
,农业保险、与各级政府合作的城乡居民大病保险等享受各级政府保费补贴的业务 [member]-最低资本,不大于9个月 [member]-最低资本,（9个月，12个月] [member]-最低资本,（12个月，18个月] [member]-最低资本,18个月以上 [member]-最低资本,,,,,,,,,,,,,,,,
s1+s2+s3,OtherPremiumReceivableBusinessMember-CounterpartyDefaultRiskPremiumReceivableMinimumCapital,OtherPremiumReceivableBusinessNoMoreThanSixMonthsMember-CounterpartyDefaultRiskPremiumReceivableMinimumCapital,OtherPremiumReceivableBusinessSixMonthsToTwelveMonthsIncludingTwelveMonthsMember-CounterpartyDefaultRiskPremiumReceivableMinimumCapital,OtherPremiumReceivableBusinessMoreThanTwelveMonthsMember-CounterpartyDefaultRiskPremiumReceivableMinimumCapital,,,,,,,,,,,,,,,,,
,其他业务 [member]-最低资本,不大于6个月 [member]-最低资本,（6个月，12个月] [member]-最低资本,12个月以上 [member]-最低资本,,,,,,,,,,,,,,,,,
s1+s2+s3,ReceivablesAndPrepaymentsInConnectionWithInsuranceBusinessFailingToPassMaterialInsuranceRiskTestMember-CounterpartyDefaultRiskPremiumReceivableMinimumCapital,ReceivablesAndPrepaymentsInConnectionWithInsuranceBusinessFailingToPassMaterialInsuranceRiskTestNoMoreThanSixMonthsMember-CounterpartyDefaultRiskPremiumReceivableMinimumCapital,ReceivablesAndPrepaymentsInConnectionWithInsuranceBusinessFailingToPassMaterialInsuranceRiskTestSixMonthsToTwelveMonthsIncludingTwelveMonthsMember-CounterpartyDefaultRiskPremiumReceivableMinimumCapital,ReceivablesAndPrepaymentsInConnectionWithInsuranceBusinessFailingToPassMaterialInsuranceRiskTestMoreThanTwelveMonthsMember-CounterpartyDefaultRiskPremiumReceivableMinimumCapital,,,,,,,,,,,,,,,,,
,未通过重大保险风险测试的保险业务所对应的应收及预付款项 [member]-最低资本,不大于6个月 [member]-最低资本,（6个月，12个月] [member]-最低资本,12个月以上 [member]-最低资本,,,,,,,,,,,,,,,,,
end,,,,,,,,,,,,,,,,,,,,,
AbstractTable,CounterpartyDefaultRiskOtherReceivablesAndPrepaymentsAbstract,CR19-交易对手违约风险，其他应收及预付款项 [abstract],,,,,,,,,,,,,,,,,,,
formula,out,s1,s2,s3,s4,s5,s6,s7,s8,s9,s10,s11,,,,,,,,,
s1+s2,CounterpartyDefaultRiskOtherReceivablesAndPrepaymentsMinimumCapital,PrepaidIndemnitiesAndPrepaidTaxesToBeWithheldMember-CounterpartyDefaultRiskOtherReceivablesAndPrepaymentsMinimumCapital,OtherReceivablesAndPrepaymentsOthersMember-CounterpartyDefaultRiskOtherReceivablesAndPrepaymentsMinimumCapital,,,,,,,,,,,,,,,,,,
,最低资本,预付赔款、待抵扣的预交税费 [member]-最低资本,其他应收及预付款项 [member]-最低资本,,,,,,,,,,,,,,,,,,
s1+s2+s3+s4+s5+s6+s7+s8+s9+s10+s11,PrepaidIndemnitiesAndPrepaidTaxesToBeWithheldMember-CounterpartyDefaultRiskOtherReceivablesAndPrepaymentsMinimumCapital,PrepaidIndemnitiesAndPrepaidTaxesToBeWithheldMember-CounterpartyOneMember-CounterpartyDefaultRiskOtherReceivablesAndPrepaymentsMinimumCapital,PrepaidIndemnitiesAndPrepaidTaxesToBeWithheldMember-CounterpartyTwoMember-CounterpartyDefaultRiskOtherReceivablesAndPrepaymentsMinimumCapital,PrepaidIndemnitiesAndPrepaidTaxesToBeWithheldMember-CounterpartyThreeMember-CounterpartyDefaultRiskOtherReceivablesAndPrepaymentsMinimumCapital,PrepaidIndemnitiesAndPrepaidTaxesToBeWithheldMember-CounterpartyFourMember-CounterpartyDefaultRiskOtherReceivablesAndPrepaymentsMinimumCapital,PrepaidIndemnitiesAndPrepaidTaxesToBeWithheldMember-CounterpartyFiveMember-CounterpartyDefaultRiskOtherReceivablesAndPrepaymentsMinimumCapital,PrepaidIndemnitiesAndPrepaidTaxesToBeWithheldMember-CounterpartySixMember-CounterpartyDefaultRiskOtherReceivablesAndPrepaymentsMinimumCapital,PrepaidIndemnitiesAndPrepaidTaxesToBeWithheldMember-CounterpartySevenMember-CounterpartyDefaultRiskOtherReceivablesAndPrepaymentsMinimumCapital,PrepaidIndemnitiesAndPrepaidTaxesToBeWithheldMember-CounterpartyEightMember-CounterpartyDefaultRiskOtherReceivablesAndPrepaymentsMinimumCapital,PrepaidIndemnitiesAndPrepaidTaxesToBeWithheldMember-CounterpartyNineMember-CounterpartyDefaultRiskOtherReceivablesAndPrepaymentsMinimumCapital,PrepaidIndemnitiesAndPrepaidTaxesToBeWithheldMember-CounterpartyTenMember-CounterpartyDefaultRiskOtherReceivablesAndPrepaymentsMinimumCapital,PrepaidIndemnitiesAndPrepaidTaxesToBeWithheldMember-OtherCounterpartiesMember-CounterpartyDefaultRiskOtherReceivablesAndPrepaymentsMinimumCapital,,,,,,,,,
,预付赔款、待抵扣的预交税费 [member]-最低资本,预付赔款、待抵扣的预交税费 [member]-交易对手一 [member]-最低资本,预付赔款、待抵扣的预交税费 [member]-交易对手二 [member]-最低资本,预付赔款、待抵扣的预交税费 [member]-交易对手三 [member]-最低资本,预付赔款、待抵扣的预交税费 [member]-交易对手四 [member]-最低资本,预付赔款、待抵扣的预交税费 [member]-交易对手五 [member]-最低资本,预付赔款、待抵扣的预交税费 [member]-交易对手六 [member]-最低资本,预付赔款、待抵扣的预交税费 [member]-交易对手七 [member]-最低资本,预付赔款、待抵扣的预交税费 [member]-交易对手八 [member]-最低资本,预付赔款、待抵扣的预交税费 [member]-交易对手九 [member]-最低资本,预付赔款、待抵扣的预交税费 [member]-交易对手十 [member]-最低资本,预付赔款、待抵扣的预交税费 [member]-其他交易对手 [member]-最低资本,,,,,,,,,
s1+s2+s3+s4+s5+s6+s7+s8+s9+s10+s11,OtherReceivablesAndPrepaymentsOthersMember-CounterpartyDefaultRiskOtherReceivablesAndPrepaymentsMinimumCapital,OtherReceivablesAndPrepaymentsOthersMember-CounterpartyOneMember-CounterpartyDefaultRiskOtherReceivablesAndPrepaymentsMinimumCapital,OtherReceivablesAndPrepaymentsOthersMember-CounterpartyTwoMember-CounterpartyDefaultRiskOtherReceivablesAndPrepaymentsMinimumCapital,OtherReceivablesAndPrepaymentsOthersMember-CounterpartyThreeMember-CounterpartyDefaultRiskOtherReceivablesAndPrepaymentsMinimumCapital,OtherReceivablesAndPrepaymentsOthersMember-CounterpartyFourMember-CounterpartyDefaultRiskOtherReceivablesAndPrepaymentsMinimumCapital,OtherReceivablesAndPrepaymentsOthersMember-CounterpartyFiveMember-CounterpartyDefaultRiskOtherReceivablesAndPrepaymentsMinimumCapital,OtherReceivablesAndPrepaymentsOthersMember-CounterpartySixMember-CounterpartyDefaultRiskOtherReceivablesAndPrepaymentsMinimumCapital,OtherReceivablesAndPrepaymentsOthersMember-CounterpartySevenMember-CounterpartyDefaultRiskOtherReceivablesAndPrepaymentsMinimumCapital,OtherReceivablesAndPrepaymentsOthersMember-CounterpartyEightMember-CounterpartyDefaultRiskOtherReceivablesAndPrepaymentsMinimumCapital,OtherReceivablesAndPrepaymentsOthersMember-CounterpartyNineMember-CounterpartyDefaultRiskOtherReceivablesAndPrepaymentsMinimumCapital,OtherReceivablesAndPrepaymentsOthersMember-CounterpartyTenMember-CounterpartyDefaultRiskOtherReceivablesAndPrepaymentsMinimumCapital,OtherReceivablesAndPrepaymentsOthersMember-OtherCounterpartiesMember-CounterpartyDefaultRiskOtherReceivablesAndPrepaymentsMinimumCapital,,,,,,,,,
,其他应收及预付款项 [member]-最低资本,其他应收及预付款项 [member]-交易对手一 [member]-最低资本,其他应收及预付款项 [member]-交易对手二 [member]-最低资本,其他应收及预付款项 [member]-交易对手三 [member]-最低资本,其他应收及预付款项 [member]-交易对手四 [member]-最低资本,其他应收及预付款项 [member]-交易对手五 [member]-最低资本,其他应收及预付款项 [member]-交易对手六 [member]-最低资本,其他应收及预付款项 [member]-交易对手七 [member]-最低资本,其他应收及预付款项 [member]-交易对手八 [member]-最低资本,其他应收及预付款项 [member]-交易对手九 [member]-最低资本,其他应收及预付款项 [member]-交易对手十 [member]-最低资本,其他应收及预付款项 [member]-其他交易对手 [member]-最低资本,,,,,,,,,
end,,,,,,,,,,,,,,,,,,,,,
AbstractTable,CounterpartyDefaultRiskDebtGuaranteeAbstract,CR20-交易对手违约风险，债务担保 [abstract],,,,,,,,,,,,,,,,,,,
formula,out,s1,s2,s3,s4,s5,s6,s7,s8,s9,s10,s11,,,,,,,,,
s1+s2+s3+s4+s5+s6+s7+s8+s9+s10+s11,CounterpartyDefaultRiskDebtGuaranteeMinimumCapital,CounterpartyOneMember-CounterpartyDefaultRiskDebtGuaranteeMinimumCapital,CounterpartyTwoMember-CounterpartyDefaultRiskDebtGuaranteeMinimumCapital,CounterpartyThreeMember-CounterpartyDefaultRiskDebtGuaranteeMinimumCapital,CounterpartyFourMember-CounterpartyDefaultRiskDebtGuaranteeMinimumCapital,CounterpartyFiveMember-CounterpartyDefaultRiskDebtGuaranteeMinimumCapital,CounterpartySixMember-CounterpartyDefaultRiskDebtGuaranteeMinimumCapital,CounterpartySevenMember-CounterpartyDefaultRiskDebtGuaranteeMinimumCapital,CounterpartyEightMember-CounterpartyDefaultRiskDebtGuaranteeMinimumCapital,CounterpartyNineMember-CounterpartyDefaultRiskDebtGuaranteeMinimumCapital,CounterpartyTenMember-CounterpartyDefaultRiskDebtGuaranteeMinimumCapital,OtherCounterpartiesMember-CounterpartyDefaultRiskDebtGuaranteeMinimumCapital,,,,,,,,,
,最低资本,交易对手一 [member]-最低资本,交易对手二 [member]-最低资本,交易对手三 [member]-最低资本,交易对手四 [member]-最低资本,交易对手五 [member]-最低资本,交易对手六 [member]-最低资本,交易对手七 [member]-最低资本,交易对手八 [member]-最低资本,交易对手九 [member]-最低资本,交易对手十 [member]-最低资本,其他交易对手 [member]-最低资本,,,,,,,,,
end,,,,,,,,,,,,,,,,,,,,,
AbstractTable,CounterpartyDefaultRiskPolicyLoansAbstract,CR21-交易对手违约风险，保单质押贷款 [abstract],,,,,,,,,,,,,,,,,,,
formula,out,s1,s2,s3,s4,s5,,,,,,,,,,,,,,,
s1+s2+s3+s4+s5,CounterpartyDefaultRiskPolicyLoansMinimumCapital,TraditionalInsuranceExcludingHighInterestRatePolicyAccountMember-CounterpartyDefaultRiskPolicyLoansMinimumCapital,ParticipatingInsuranceAccountMember-CounterpartyDefaultRiskPolicyLoansMinimumCapital,UniversalInsuranceAccountMember-CounterpartyDefaultRiskPolicyLoansMinimumCapital,HighInterestRatePolicyAccountMember-CounterpartyDefaultRiskPolicyLoansMinimumCapital,OtherInsuranceAccountMember-CounterpartyDefaultRiskPolicyLoansMinimumCapital,,,,,,,,,,,,,,,
,最低资本,传统险（不含高利率保单） [member]-最低资本,分红险 [member]-最低资本,万能险 [member]-最低资本,高利率保单 [member]-最低资本,其他险 [member]-最低资本,,,,,,,,,,,,,,,
end,,,,,,,,,,,,,,,,,,,,,
AbstractTable,TableOfSolvencyStatusAbstract,S01-偿付能力状况表 [abstract],,,,,,,,,,,,,,,,,,,
formula,out,s1,s2,s3,s4,s5,,,,,,,,,,,,,,,
s1/s2,ComprehensiveSolvencyAdequacyRatio-end,AvailableCapitalUnderSolvencyII-end,MinimumCapitalUnderSolvencyII-end,,,,,,,,,,,,,,,,,,
,综合偿付能力充足率-期末,实际资本-期末,最低资本-期末,,,,,,,,,,,,,,,,,,
s1,MinimumCapitalUnderSolvencyII-end,TableOfMinimumCapitalAbstract-MinimumCapitalUnderSolvencyII-end,,,,,,,,,,,,,,,,,,,
,最低资本-期末,S05-最低资本表-最低资本-期末数,,,,,,,,,,,,,,,,,,,
s1,AvailableCapitalUnderSolvencyII-end,TableOfAvailableCapitalAbstract-AvailableCapitalUnderSolvencyII-end,,,,,,,,,,,,,,,,,,,
,实际资本-期末,S02-实际资本表 [abstract]-实际资本合计-end,,,,,,,,,,,,,,,,,,,
end,,,,,,,,,,,,,,,,,,,,,
AbstractTable,TableOfMinimumCapitalAbstract,S05-最低资本表 [abstract],,,,,,,,,,,,,,,,,,,
formula,out,s1,s2,s3,s4,s5,s6,s7,s8,s9,s10,s11,s12,s13,s14,s15,s16,s17,s18,s19,
s1+s2+s3,MinimumCapitalUnderSolvencyII-end,MinimumCapitalForQuantifiableRisk-end,MinimumCapitalForControlRisk-end,AdditionalCapital-end,,,,,,,,,,,,,,,,,
,最低资本-期末数,量化风险最低资本-期末数,控制风险最低资本-期末数,附加资本-期末数,,,,,,,,,,,,,,,,,
"s1=%s
s2=%s
s3=%s
s4=%s
s5=%s
out=0
import numpy as np
M1=np.mat([s1,s2,s3,s4])
M=np.mat([[1,0.18,0.5,0.15],[0.18,1,0.37,0.2],[0.5,0.37,1,0.25],[0.15,0.2,0.25,1]])
out=float(M1*M*M1.T)
out = out**0.5-s5",MinimumCapitalForQuantifiableRisk-end,MinimumCapitalForInsuranceRiskOfLifeInsuranceBusiness-end,MinimumCapitalForInsuranceRiskOfNonLifeInsuranceBusiness-end,MinimumCapitalForMarketRisk-end,MinimumCapitalForCreditRisk-end,LossAbsorptionOfSpecificInsuranceContract-end,,,,,,,,,,,,,,,
,量化风险最低资本-期末数,寿险业务保险风险最低资本合计-期末数,非寿险业务保险风险最低资本合计-期末数,市场风险-最低资本合计-期末数,信用风险-最低资本合计-期末数,特定类别保险合同损失吸收效应-期末数,,,,,,,,,,,,,,,
s1,MinimumCapitalForInsuranceRiskOfLifeInsuranceBusiness-end,InsuranceRiskOfLifeInsuranceBusinessAbstract-MinimumCapitalForInsuranceRiskOfLifeInsuranceBusiness-end,,,,,,,,,,,,,,,,,,,
,寿险业务保险风险最低资本合计-期末数,IR05-寿险业务保险风险 [abstract]-寿险业务保险风险最低资本合计,,,,,,,,,,,,,,,,,,,
"s1=%s
s2=%s
s3=%s
s4=%s
s5=%s
s6=%s
out=0
import numpy as np
M1=np.mat([s1,s2,s3,s4,s5,s6])
M=np.mat([[1,-0.14,-0.18,0,-0.16,0.07],[-0.14,1,0.22,0.06,0.50,0.04],[-0.18,0.22,1,0.18,0.19,-0.14],[0,0.06,0.18,1,0.04,-0.01],[-0.16,0.50,0.19,0.04,1,-0.19],[0.07,0.04,-0.14,-0.01,-0.19,1]])
out=float(M1*M*M1.T)
out = out**0.5
",MinimumCapitalForMarketRisk-end,MarketRiskMinimumCapitalForInterestRateRisk-end,MarketRiskMinimumCapitalForEquityPriceRisk-end,MarketRiskMinimumCapitalForPropertyPriceRisk-end,MarketRiskMinimumCapitalForOverseasFixedIncomeInvestmentAssetsPriceRisk-end,MarketRiskMinimumCapitalForOverseasEquityInvestmentAssetsPriceRisk-end,MarketRiskMinimumCapitalForExchangeRateRisk-end,,,,,,,,,,,,,,
,市场风险-最低资本合计-期末数,市场风险-利率风险最低资本-期末数,市场风险-权益价格风险最低资本-期末数,市场风险-房地产价格风险最低资本-期末数,市场风险-境外固定收益类资产价格风险最低资本-期末数,市场风险-境外权益类资产价格风险最低资本-期末数,市场风险-汇率风险最低资本-期末数,,,,,,,,,,,,,,
s1+s2+s3+s4+s5+s6+s7+s8,MarketRiskMinimumCapitalForInterestRateRisk-end,InterestRateRiskOfLifeInsuranceCompanyAbstract-RatioOfInvestmentAssetsAtCostToTotalInvestmentAssets,InterestRateRiskOfReinsuranceCompanyAbstract-MarketRiskMinimumCapitalForInterestRateRisk,InterestRateRiskBondAssetsNoHedgingAndUnqualifiedHedgingAbstract-InterestRateRiskBondAssetsNoHedgingAndUnqualifiedHedgingMinimumCapital,InterestRateRiskAssetSecuritizationProductsAbstract-InterestRateRiskAssetSecuritizationProductsMinimumCapital,InterestRateRiskInterestRateDerivativesInterestRateSwapsAbstract-InterestRateRiskInterestRateDerivativesInterestRateSwapsMinimumCapital,InterestRateRiskInterestRateDerivativesGovernmentBondFuturesQualifiedHedgingAbstract-InterestRateRiskInterestRateDerivativesGovernmentBondFuturesQualifiedHedgingMinimumCapitalOfHedgingPortfolio,InterestRateRiskInterestRateDerivativesGovernmentBondFuturesUnqualifiedHedgingAbstract-InterestRateRiskInterestRateDerivativesGovernmentBondFuturesUnqualifiedHedgingMinimumCapital,InterestRateRiskOtherFixedIncomeProductsAbstract-InterestRateRiskOtherFixedIncomeProductsMinimumCapital,,,,,,,,,,,,
,市场风险-利率风险最低资本-期末数,MR01-人身保险公司利率风险 [abstract]-利率风险最低资本,MR02-再保险公司利率风险 [abstract]-再保险公司利率风险最低资本,MR03-利率风险，债券类资产（未套保及不符合条件的套保） [abstract]-最低资本,MR04-利率风险，资产证券化产品 [abstract]-最低资本,MR05-利率风险，利率类金融衍生品，利率互换 [abstract]-最低资本,MR06-利率风险，利率类金融衍生品，国债期货（符合条件套保） [abstract]-最低资本,MR07-利率风险，利率类金融衍生品，国债期货（不符合条件套保） [abstract]-最低资本,MR08-利率风险，其他固定收益类产品 [abstract]-最低资本,,,,,,,,,,,,
s1+s2+s3+s4+s5+s6+s7+s8+s9+s10+s11+s12+s13+s14,MarketRiskMinimumCapitalForEquityPriceRisk-end,EquityPriceRiskStockNoHedgingAndUnqualifiedHedgingAbstract-EquityPriceRiskStockNoHedgingAndUnqualifiedHedgingMinimumCapital,EquityPriceRiskStockQualifiedHedgingAbstract-EquityPriceRiskStockQualifiedHedgingMinimumCapitalOfHedgingPortfolio,EquityPriceRiskUnlistedEquitiesAbstract-EquityPriceRiskUnlistedEquitiesMinimumCapital,EquityPriceRiskSecuritiesInvestmentFundHeldByCompanyDirectlyAbstract-EquityPriceRiskSecuritiesInvestmentFundMinimumCapital,EquityPriceRiskSecuritiesInvestmentFundHeldByLookThroughMethodAbstract-EquityPriceRiskSecuritiesInvestmentFundMinimumCapital,EquityPriceRiskConvertibleBondAbstract-EquityPriceRiskConvertibleBondMinimumCapital,EquityPriceRiskInfrastructureEquityInvestmentPlansAbstract-EquityPriceRiskInfrastructureEquityInvestmentPlansMinimumCapital,EquityPriceRiskAssetManagementProductsAbstract-EquityPriceRiskAssetManagementProductsMinimumCapital,EquityPriceRiskUnlistedEquityInvestmentPlansAbstract-EquityPriceRiskUnlistedEquityInvestmentPlansMinimumCapital,EquityPriceRiskEquityTrustPlansAbstract-EquityPriceRiskEquityTrustPlansMinimumCapital,EquityPriceRiskShortPositionOfStockIndexFuturesOutOfEffectivenessAbstract-EquityPriceRiskShortPositionOfStockIndexFuturesOutOfEffectivenessMinimumCapital,EquityPriceRiskPreferredSharesHeldByCompanyDirectlyAbstract-EquityPriceRiskPreferredSharesMinimumCapital,EquityPriceRiskPreferredSharesHeldByLookThroughMethodAbstract-EquityPriceRiskPreferredSharesMinimumCapital,EquityPriceRiskLongTermEquityInvestmentsInSubsidiariesJointVenturesAndAssociatedCompaniesAbstract-EquityPriceRiskLongTermEquityInvestmentsInSubsidiariesJointVenturesAndAssociatedCompaniesMinimumCapital,,,,,,
,市场风险-权益价格风险最低资本-期末数,MR09-权益价格风险，股票（未套保及不符合条件的套保） [abstract]-最低资本,MR10-权益价格风险，股票（符合条件的套期保值） [abstract]-最低资本,MR11-权益价格风险，未上市股权 [abstract]-最低资本,MR12-权益价格风险，公司直接持有的证券投资基金 [abstract]-最低资本,MR13-权益价格风险，穿透法还原后持有的证券投资基金 [abstract]-最低资本,MR14-权益价格风险，可转债 [abstract]-最低资本,MR15-权益价格风险，基础设施股权投资计划 [abstract]-最低资本,MR16-权益价格风险，资产管理产品 [abstract]-最低资本,MR17-权益价格风险，未上市股权投资计划 [abstract]-最低资本,MR18-权益价格风险，权益类信托计划 [abstract]-最低资本,MR19-权益价格风险，股指期货空头（不符合有效性） [abstract]-最低资本,MR20-权益价格风险，公司直接持有的优先股 [abstract]-最低资本,MR21-权益价格风险，穿透法还原后持有的优先股 [abstract]-最低资本,MR22-权益价格风险，对子公司、合营企业和联营企业的长期股权投资 [abstract]-最低资本,,,,,,
s1+s2,MarketRiskMinimumCapitalForPropertyPriceRisk-end,PropertyPriceRiskInvestmentPropertyHeldByCompanyDirectlyAbstract-MarketRiskMinimumCapitalForPropertyPriceRisk,PropertyPriceRiskInvestmentPropertyHeldByLookThroughMethodAbstract-MarketRiskMinimumCapitalForPropertyPriceRisk,,,,,,,,,,,,,,,,,,
,市场风险-房地产价格风险最低资本-期末数,MR23-房地产价格风险，公司直接持有的投资性房地产 [abstract]-最低资本,MR24-房地产价格风险，穿透法还原后持有的投资性房地产 [abstract]-最低资本,,,,,,,,,,,,,,,,,,
s1,MarketRiskMinimumCapitalForOverseasFixedIncomeInvestmentAssetsPriceRisk-end,PriceRiskOfOverseasFixedIncomeInvestmentAssetsDetailsAbstract-MarketRiskMinimumCapitalForOverseasFixedIncomeInvestmentAssetsPriceRisk,,,,,,,,,,,,,,,,,,,
,市场风险-境外固定收益类资产价格风险最低资本-期末数,MR25-境外固定收益类资产价格风险所涉资产明细表 [abstract]-最低资本,,,,,,,,,,,,,,,,,,,
s1,MarketRiskMinimumCapitalForOverseasEquityInvestmentAssetsPriceRisk-end,PriceRiskOfOverseasEquityInvestmentAssetsDetailsAbstract-MarketRiskMinimumCapitalForOverseasEquityInvestmentAssetsPriceRisk,,,,,,,,,,,,,,,,,,,
,市场风险-境外权益类资产价格风险最低资本-期末数,MR26-境外权益类资产价格风险所涉资产明细表 [abstract]-最低资本,,,,,,,,,,,,,,,,,,,
s1+s2+s3,MarketRiskMinimumCapitalForExchangeRateRisk-end,ExchangeRateRiskOfProjectsForeignCurrencyDenominatedAssetsLiabilitiesUnhedgedOrIneffectivelyHedgedDetailsAbstract-ExchangeRateRiskForeignCurrencyDenominatedAssetsLiabilitiesUnhedgedOrIneffectivelyHedgedMinimumCapital,ExchangeRateRiskOfProjectsForeignCurrencyDenominatedAssetsLiabilitiesEffectivelyHedgedDetailsAbstract-ExchangeRateRiskForeignCurrencyDenominatedAssetsLiabilitiesHighlyEffectivelyHedgedMinimumCapitalOfHedgingPortfolio,ExchangeRateRiskOfProjectsForeignExchangeForwardAssetsLiabilitiesIneffectivelyHedgedDetailsAbstract-ExchangeRateRiskForeignExchangeForwardAssetsLiabilitiesIneffectivelyHedgedMinimumCapitalOfForeignExchangeForwardContracts,,,,,,,,,,,,,,,,,
,市场风险-汇率风险最低资本-期末数,MR27-汇率风险所涉项目明细表，未套保及套保无效的外汇资产（负债） [abstract]-最低资本,MR28-汇率风险所涉项目明细表，有效套保外汇资产（负债） [abstract]-最低资本,MR29-汇率风险所涉项目明细表，无效套保外汇远期资产（负债） [abstract]-最低资本,,,,,,,,,,,,,,,,,
"s1=%s
s2=%s
out=0
out=(s1**2+2*0.25*s1*s2+s2**2)**0.5
print(out)",MinimumCapitalForCreditRisk-end,CreditRiskMinimumCapitalForSpreadRisk-end,CreditRiskMinimumCapitalForCounterpartyDefaultRisk-end,,,,,,,,,,,,,,,,,,
,信用风险-最低资本合计-期末数,信用风险-利差风险最低资本-期末数,信用风险-交易对手违约风险最低资本-期末数,,,,,,,,,,,,,,,,,,
s1,CreditRiskMinimumCapitalForSpreadRisk-end,SpreadRiskOfAssetsDetailsAbstract-CreditRiskMinimumCapitalForSpreadRisk,,,,,,,,,,,,,,,,,,,
,信用风险-利差风险最低资本-期末数,CR01-利差风险所涉资产明细表 [abstract]-最低资本,,,,,,,,,,,,,,,,,,,
s1+s2+s3+s4+s5+s6+s7+s8+s9+s10+s11+s12+s13+s14+s15+s16+s17+s18+s19,CreditRiskMinimumCapitalForCounterpartyDefaultRisk-end,CounterpartyDefaultRiskCashAndLiquidityManagementInstrumentsAbstract-CounterpartyDefaultRiskCashAndLiquidityManagementInstrumentsMinimumCapital,CounterpartyDefaultRiskBankDepositsAbstract-CounterpartyDefaultRiskBankDepositsMinimumCapital,CounterpartyDefaultRiskFinancialBondsAbstract-CounterpartyDefaultRiskFinancialBondsMinimumCapital,CounterpartyDefaultRiskEnterpriseBondsCorporateBondsAbstract-CounterpartyDefaultRiskEnterpriseBondsCorporateBondsMinimumCapital,CounterpartyDefaultRiskAssetSecuritizationProductsAbstract-CounterpartyDefaultRiskAssetSecuritizationProductsMinimumCapital,CounterpartyDefaultRiskWealthManagementProductsOfCommercialBankAbstract-CounterpartyDefaultRiskWealthManagementProductsOfCommercialBankMinimumCapital,CounterpartyDefaultRiskTrustPlansAbstract-CounterpartyDefaultRiskTrustPlansMinimumCapital,CounterpartyDefaultRiskAssetManagementProductsAbstract-CounterpartyDefaultRiskAssetManagementProductsMinimumCapital,CounterpartyDefaultRiskInfrastructureDebtInvestmentPlansAbstract-CounterpartyDefaultRiskInfrastructureDebtInvestmentPlansMinimumCapital,CounterpartyDefaultRiskPropertyDebtInvestmentPlansAbstract-CounterpartyDefaultRiskPropertyDebtInvestmentPlansMinimumCapital,CounterpartyDefaultRiskProjectAssetBackedPlansAbstract-CounterpartyDefaultRiskProjectAssetBackedPlansMinimumCapital,CounterpartyDefaultRiskForwardForeignExchangeContractsAndInterestRateSwapsForPurposeOfHedgingAbstract-CounterpartyDefaultRiskForwardForeignExchangeContractsAndInterestRateSwapsForPurposeOfHedgingMinimumCapital,CounterpartyDefaultRiskOfPropertyAndCasualtyInsuranceCompanyAndLifeInsuranceCompanyOutwardReinsuranceAssetsAbstract-CounterpartyDefaultRiskOutwardReinsuranceAssetsMinimumCapital,CounterpartyDefaultRiskOfReinsuranceCompanyOutwardReinsuranceAssetsAbstract-CounterpartyDefaultRiskOutwardReinsuranceAssetsMinimumCapital,CounterpartyDefaultRiskInwardReinsuranceAssetsAbstract-CounterpartyDefaultRiskInwardReinsuranceAssetsMinimumCapital,CounterpartyDefaultRiskPremiumReceivableAbstract-CounterpartyDefaultRiskPremiumReceivableMinimumCapital,CounterpartyDefaultRiskOtherReceivablesAndPrepaymentsAbstract-CounterpartyDefaultRiskOtherReceivablesAndPrepaymentsMinimumCapital,CounterpartyDefaultRiskDebtGuaranteeAbstract-CounterpartyDefaultRiskDebtGuaranteeMinimumCapital,CounterpartyDefaultRiskPolicyLoansAbstract-CounterpartyDefaultRiskPolicyLoansMinimumCapital,
,信用风险-交易对手违约风险最低资本-期末数,CR02-交易对手违约风险，现金及流动性管理工具 [abstract]-最低资本,CR03-交易对手违约风险，银行存款 [abstract]-最低资本,CR04-交易对手违约风险，金融债 [abstract]-最低资本,CR05-交易对手违约风险，企业债、公司债 [abstract]-最低资本,CR06-交易对手违约风险，资产证券化产品 [abstract]-最低资本,CR07-交易对手违约风险，商业银行理财产品 [abstract]-最低资本,CR08-交易对手违约风险，可穿透的信托计划 [abstract]-最低资本,CR10-交易对手违约风险，资产管理产品 [abstract]-最低资本,CR11-交易对手违约风险，基础设施债权投资计划 [abstract]-最低资本,CR12-交易对手违约风险，不动产债权投资计划 [abstract]-最低资本,CR13-交易对手违约风险，项目资产支持计划 [abstract]-最低资本,CR14-交易对手违约风险，套期保值外汇远期和利率互换 [abstract]-最低资本,CR15-财险和人身险公司交易对手违约风险，分出业务再保险资产 [abstract]-最低资本,CR16-再保险公司交易对手违约风险，分出业务再保险资产 [abstract]-最低资本,CR17-交易对手违约风险，分入业务再保险资产 [abstract]-最低资本,CR18-交易对手违约风险，应收保费 [abstract]-最低资本,CR19-交易对手违约风险，其他应收及预付款项 [abstract]-最低资本,CR20-交易对手违约风险，债务担保 [abstract]-最低资本,CR21-交易对手违约风险，保单质押贷款 [abstract]-最低资本,
"s1=%s
s2=%s
out=0
if s1<s2:
    out=s1
else:
    out=s2
",LossAbsorptionOfSpecificInsuranceContract-end,SpecificInsuranceContractAdjustedOfLossAbsorptionUpperLimitNotToBeTakenIntoConsideration-end,UpperLimitForCapacityOfLossAbsorptionAdjustmentOfSpecificInsuranceContract-end,,,,,,,,,,,,,,,,,,
,特定类别保险合同损失吸收效应-期末数,损失吸收调整-不考虑上限-期末数,损失吸收效应调整上限-期末数,,,,,,,,,,,,,,,,,,
"s1=%s
s2=%s
s3=%s
out=0
outt=0
a=0
b=0
outt=(s1**2+2*0.25*s1*s2+s2**2)**0.5
a=0.20*(s3/outt)+0.042
if (a>0.4):
    b=0.4
else:
    b=a
out=outt*b",SpecificInsuranceContractAdjustedOfLossAbsorptionUpperLimitNotToBeTakenIntoConsideration-end,MinimumCapitalForMarketRisk-end,MinimumCapitalForCreditRisk-end,UpperLimitForCapacityOfLossAbsorptionAdjustmentOfSpecificInsuranceContract-end,,,,,,,,,,,,,,,,,
,损失吸收调整-不考虑上限-期末数,市场风险-最低资本合计-期末数,信用风险-最低资本合计-期末数,损失吸收效应调整上限-期末数,,,,,,,,,,,,,,,,,
end,,,,,,,,,,,,,,,,,,,,,
,,,,,,,,,,,,,,,,,,,,,
,,,,,,,,,,,,,,,,,,,,,
AbstractTable,InsuranceRiskOfLifeInsuranceBusinessAbstract,IR05-寿险业务保险风险 [abstract],,,,,,,,,,,,,,,,,,,
program,out,s1,s2,s3,s4,s5,s6,,,,,,,,,,,,,,
"s1=%s
s2=%s
s3=%s
out=0
import numpy as np
M1=np.mat([s1,s2,s3])
M=np.mat([[1,0.4,0],[0.4,1,0.5],[0,0.5,1]])
out=float(M1*M*M1.T)
out = out**0.5
",MinimumCapitalForInsuranceRiskOfLifeInsuranceBusiness-end,InsuranceRiskOfLifeInsuranceBusinessMinimumCapitalForIncidenceRisk-end,InsuranceRiskOfLifeInsuranceBusinessMinimumCapitalForSurrenderRisk-end,InsuranceRiskOfLifeInsuranceBusinessMinimumCapitalForExpenseRisk-end,,,,,,,,,,,,,,,,,
,寿险业务保险风险最低资本合计-期末数,寿险业务保险风险-损失发生风险最低资本-期末数,寿险业务保险风险-退保风险最低资本-期末数,寿险业务保险风险-费用风险最低资本-期末数,,,,,,,,,,,,,,,,,
"s1=%s
s2=%s
s3=%s
s4=%s
s5=%s
s6=%s
out=0
import numpy as np
M1=np.mat([s1,s2,s3,s4,s5,s6])
M=np.mat([[1.00,0.25,-0.25,0.25,0.25,0.25],[0.25,1.00,0,0.25,0.25,0.25],[-0.25,0,1.00,0,0,0],[0.25,0.25,0,1.00,0.25,0.25],[0.25,0.25,0,0.25,1.00,0.25],[0.25,0.25,0,0.25,0.25,1.00]])
out=float(M1*M*M1.T)
out = out**0.5",InsuranceRiskOfLifeInsuranceBusinessAbstract-InsuranceRiskOfLifeInsuranceBusinessMinimumCapitalForIncidenceRisk-end,InsuranceRiskOfLifeInsuranceBusinessMinimumCapitalForIncidenceRiskMortalityRisk-end,InsuranceRiskOfLifeInsuranceBusinessMinimumCapitalForIncidenceRiskDeathCatastropheRisk-end,InsuranceRiskOfLifeInsuranceBusinessMinimumCapitalForIncidenceRiskLongevityRisk-end,InsuranceRiskOfLifeInsuranceBusinessMinimumCapitalForIncidenceRiskMorbidityRisk-end,InsuranceRiskOfLifeInsuranceBusinessMinimumCapitalForIncidenceRiskMedicalAndHealthLossIncidenceRisk-end,InsuranceRiskOfLifeInsuranceBusinessMinimumCapitalForIncidenceRiskOtherIncidenceRisk-end,,,,,,,,,,,,,,
,损失发生风险最低资本-期末数,损失发生风险最低资本-死亡发生率风险-期末数,损失发生风险最低资本-死亡巨灾风险-期末数,损失发生风险最低资本-长寿风险-期末数,损失发生风险最低资本-疾病发生率风险-期末数,损失发生风险最低资本-医疗及健康赔付损失率风险-期末数,损失发生风险最低资本-其它损失发生率风险-期末数,,,,,,,,,,,,,,
"s1=%s
s2=%s
out=0
if (s1<s2):
    out=s2
else:
    out=s1
",InsuranceRiskOfLifeInsuranceBusinessMinimumCapitalForSurrenderRisk-end,InsuranceRiskOfLifeInsuranceBusinessMinimumCapitalForSurrenderRiskSurrenderRateRisk-end,InsuranceRiskOfLifeInsuranceBusinessMinimumCapitalForSurrenderRiskMassLapseRisk-end,,,,,,,,,,,,,,,,,,
,寿险业务保险风险-退保风险最低资本-期末数,退保风险最低资本-退保率风险-期末数,退保风险最低资本-大规模退保风险-期末数,,,,,,,,,,,,,,,,,,
end,,,,,,,,,,,,,,,,,,,,,
